case_id,sequence,order,state_id,posterior,log_evidence
TAC001,initial,21,00,0.1808260870139762,-3.017738482864103
TAC001,initial,21,01,0.24373869265214226,-2.719177487313067
TAC001,initial,21,10,0.2760235105870504,-2.594788161619924
TAC001,initial,21,11,0.2994117097468312,-2.5134546250640155
TAC001,initial,41,00,0.17855688635253117,-3.0328669068028438
TAC001,initial,41,01,0.24511706691788393,-2.7160382277241806
TAC001,initial,41,10,0.2754630834495639,-2.59932052705573
TAC001,initial,41,11,0.3008629632800213,-2.511119258715529
TAC001,initial,61,00,0.17846022642288537,-3.033576023210842
TAC001,initial,61,01,0.24512675440570397,-2.7161663367630275
TAC001,initial,61,10,0.2755076445184935,-2.599326402435376
TAC001,initial,61,11,0.3009053746529171,-2.511145933041478
TAC001,initial,81,00,0.17845466141656244,-3.0336165303368805
TAC001,initial,81,01,0.2451260650370175,-2.71617847224722
TAC001,initial,81,10,0.27551088889225644,-2.599323949705651
TAC001,initial,81,11,0.3009083846541634,-2.5111452531281597
TAC001,initial,121,00,0.17845409540803264,-3.033620448557797
TAC001,initial,121,01,0.24512622462137013,-2.7161785677118595
TAC001,initial,121,10,0.27551107900944555,-2.5993240061467655
TAC001,initial,121,11,0.30090860096115174,-2.5111452807758976
TAC001,initial,161,00,0.17845408679280825,-3.0336205059934844
TAC001,initial,161,01,0.24512622785429183,-2.716178563681764
TAC001,initial,161,10,0.2755110816705143,-2.5993240056468108
TAC001,initial,161,11,0.3009086036823856,-2.5111452808912165
TAC001,initial,241,00,0.17845408669459265,-3.033620506694796
TAC001,initial,241,01,0.2451262278671426,-2.716178563780281
TAC001,initial,241,10,0.27551108171059946,-2.599324005652259
TAC001,initial,241,11,0.300908603727665,-2.5111452808916823
TAC002,initial,21,00,0.25183607366504607,-2.654555255528382
TAC002,initial,21,01,0.26204879335041187,-2.6148029094592893
TAC002,initial,21,10,0.2621908102911266,-2.614261107797598
TAC002,initial,21,11,0.2239243226934154,-2.7720254803889954
TAC002,initial,41,00,0.2502139999715871,-2.6634740166782307
TAC002,initial,41,01,0.2629243701818274,-2.61392414329365
TAC002,initial,41,10,0.2620822269833506,-2.617132270297416
TAC002,initial,41,11,0.2247794028632351,-2.770671078719952
TAC002,initial,61,00,0.2502859955833923,-2.6630656678636546
TAC002,initial,61,01,0.26290352892613456,-2.6138827594906235
TAC002,initial,61,10,0.2620549835958714,-2.6171155714140033
TAC002,initial,61,11,0.22475549189460192,-2.7706568055860212
TAC002,initial,81,00,0.25028710325849846,-2.6630604736427723
TAC002,initial,81,01,0.26290263761815014,-2.613885381150588
TAC002,initial,81,10,0.26205489453122555,-2.61711514269103
TAC002,initial,81,11,0.2247553645921258,-2.770656603397375
TAC002,initial,121,00,0.25028669699162737,-2.6630626070322587
TAC002,initial,121,01,0.2629028072674205,-2.613885246042442
TAC002,initial,121,10,0.26205501842160167,-2.617115180110958
TAC002,initial,121,11,0.22475547731935047,-2.7706566120270804
TAC002,initial,161,00,0.2502867010663803,-2.6630625855510477
TAC002,initial,161,01,0.26290280576901004,-2.613885246541058
TAC002,initial,161,10,0.26205501700563816,-2.6171151803133945
TAC002,initial,161,11,0.2247554761589715,-2.7706566119890623
TAC002,initial,241,00,0.25028670100705264,-2.663062585881642
TAC002,initial,241,01,0.2629028057832559,-2.613885246580426
TAC002,initial,241,10,0.2620550170297028,-2.6171151803151194
TAC002,initial,241,11,0.2247554761799888,-2.770656611989106
TAC003,initial,21,00,0.12760748360909815,-3.7170093605956644
TAC003,initial,21,01,0.22251520836665253,-3.1609729272806306
TAC003,initial,21,10,0.27753669900187233,-2.940015205662891
TAC003,initial,21,11,0.37234060902237703,-2.6461593277563127
TAC003,initial,41,00,0.12791698083422287,-3.7175024588370755
TAC003,initial,41,01,0.22120363364635467,-3.169800228614441
TAC003,initial,41,10,0.277247229054004,-2.9439742933147737
TAC003,initial,41,11,0.37363215646541875,-2.6456121505400776
TAC003,initial,61,00,0.12790023391778413,-3.717647687863515
TAC003,initial,61,01,0.22125911215604888,-3.169563757432104
TAC003,initial,61,10,0.2772197851108403,-2.9440875857307502
TAC003,initial,61,11,0.37362086881532686,-2.645656661850116
TAC003,initial,81,00,0.12790859718102937,-3.7175695659792463
TAC003,initial,81,01,0.22126043714264146,-3.1695450339943965
TAC003,initial,81,10,0.27721521681289485,-2.9440913297793605
TAC003,initial,81,11,0.3736157488634344,-2.645657630484263
TAC003,initial,121,00,0.12790843247252526,-3.7175706829405053
TAC003,initial,121,01,0.22126073279832684,-3.169543527017153
TAC003,initial,121,10,0.2772151301778053,-2.9440914715543642
TAC003,initial,121,11,0.3736157045513426,-2.6456575783433656
TAC003,initial,161,00,0.1279084213575038,-3.717570779024251
TAC003,initial,161,01,0.22126073785205724,-3.1695435133620133
TAC003,initial,161,10,0.27721513289424343,-2.94409147094081
TAC003,initial,161,11,0.37361570789619564,-2.645657578576181
TAC003,initial,241,00,0.12790842140570838,-3.7175707785525436
TAC003,initial,241,01,0.22126073786171194,-3.1695435132235397
TAC003,initial,241,10,0.27721513287104727,-2.9440914709296466
TAC003,initial,241,11,0.37361570786153236,-2.645657578574119
TAC004,initial,21,00,0.17921315088435308,-3.0385882340211703
TAC004,initial,21,01,0.2428362917228261,-2.734776598809642
TAC004,initial,21,10,0.27556270103557295,-2.6083489258366845
TAC004,initial,21,11,0.302387856357248,-2.515453632550509
TAC004,initial,41,00,0.17635871098702124,-3.057119499950281
TAC004,initial,41,01,0.24472336345792006,-2.729511107570705
TAC004,initial,41,10,0.27493554507459705,-2.613102862778124
TAC004,initial,41,11,0.30398238048046156,-2.5126698106454413
TAC004,initial,61,00,0.17626267735635026,-3.057827279859948
TAC004,initial,61,01,0.24474672994342134,-2.7295787267104115
TAC004,initial,61,10,0.2749698116611091,-2.613141331365609
TAC004,initial,61,11,0.3040207810391193,-2.5127065894774065
TAC004,initial,81,00,0.17625784393405455,-3.05786322709106
TAC004,initial,81,01,0.2447454569260089,-2.7295924532452425
TAC004,initial,81,10,0.2749730185825372,-2.613138193775784
TAC004,initial,81,11,0.3040236805573992,-2.5127055774406855
TAC004,initial,121,00,0.17625734937764934,-3.0578667927540844
TAC004,initial,121,01,0.2447455277119059,-2.7295929238129415
TAC004,initial,121,10,0.2749732238646145,-2.6131382070127076
TAC004,initial,121,11,0.30402389904583055,-2.5127056185751524
TAC004,initial,161,00,0.17625733876802407,-3.0578668633719572
TAC004,initial,161,01,0.24474553220193193,-2.7295929158911747
TAC004,initial,161,10,0.2749732268575554,-2.6131382065521516
TAC004,initial,161,11,0.3040239021724887,-2.512705618714827
TAC004,initial,241,00,0.17625733854415557,-3.0578668649618543
TAC004,initial,241,01,0.24474553224260429,-2.7295929160447665
TAC004,initial,241,10,0.2749732269435494,-2.6131382065591895
TAC004,initial,241,11,0.3040239022696906,-2.5127056187148824
TAC005,initial,21,00,0.18236437164491928,-2.998438523091947
TAC005,initial,21,01,0.2446464042579119,-2.704631330626148
TAC005,initial,21,10,0.27642479529495306,-2.582506454874961
TAC005,initial,21,11,0.29656442880221584,-2.5121807581112714
TAC005,initial,41,00,0.18070178278000992,-3.009947011708603
TAC005,initial,41,01,0.24551957882985062,-2.703418380334792
TAC005,initial,41,10,0.2759749756261908,-2.586484881638352
TAC005,initial,41,11,0.2978036627639484,-2.510360655640764
TAC005,initial,61,00,0.18061399986408996,-3.010589928192619
TAC005,initial,61,01,0.2455181155782655,-2.7035813497433683
TAC005,initial,61,10,0.27602248718904365,-2.58646974707755
TAC005,initial,61,11,0.29784539736860066,-2.5103775336931786
TAC005,initial,81,00,0.18060864090682846,-3.0106283219866463
TAC005,initial,81,01,0.24551790079705244,-2.7035909471310973
TAC005,initial,81,10,0.27602534930214145,-2.586468100580486
TAC005,initial,81,11,0.2978481089939776,-2.5103771521767113
TAC005,initial,121,00,0.18060811828486215,-3.010631833083088
TAC005,initial,121,01,0.2455180920298036,-2.7035907856574184
TAC005,initial,121,10,0.2760255013831339,-2.5864681670345204
TAC005,initial,121,11,0.2978482883022003,-2.5103771675859683
TAC005,initial,161,00,0.18060811258955503,-3.0106318711590707
TAC005,initial,161,01,0.24551809388515514,-2.7035907846424583
TAC005,initial,161,10,0.2760255032976407,-2.586468166640465
TAC005,initial,161,11,0.2978482902276493,-2.5103771676633615
TAC005,initial,241,00,0.18060811258021245,-3.0106318712376843
TAC005,initial,241,01,0.2455180938801351,-2.7035907846897897
TAC005,initial,241,10,0.27602550330414727,-2.586468166643778
TAC005,initial,241,11,0.2978482902355054,-2.5103771676638704
TAC006,initial,21,00,0.17740086019918802,-3.081079517397288
TAC006,initial,21,01,0.23721506511160603,-2.7905242588037575
TAC006,initial,21,10,0.2780476995142691,-2.631698756226525
TAC006,initial,21,11,0.30733637517493656,-2.5315486038135724
TAC006,initial,41,00,0.17406546768017966,-3.101246338714857
TAC006,initial,41,01,0.2400045132788249,-2.78002008970662
TAC006,initial,41,10,0.27758255274242966,-2.634559441894225
TAC006,initial,41,11,0.30834746629856574,-2.5294505337623847
TAC006,initial,61,00,0.17401501815522424,-3.1015613857764133
TAC006,initial,61,01,0.24006746311505633,-2.779783012348703
TAC006,initial,61,10,0.2775673498587863,-2.6346393865703615
TAC006,initial,61,11,0.30835016887093347,-2.529466943406
TAC006,initial,81,00,0.17401535456397474,-3.1015586584038264
TAC006,initial,81,01,0.24006746094756276,-2.779782227219698
TAC006,initial,81,10,0.2775672724052917,-2.6346388714566786
TAC006,initial,81,11,0.308349912083171,-2.529466982028361
TAC006,initial,121,00,0.17401551663078585,-3.1015577503281153
TAC006,initial,121,01,0.2400672401006094,-2.7797831704173017
TAC006,initial,121,10,0.2775673165230372,-2.63463873577248
TAC006,initial,121,11,0.30834992674556755,-2.5294669577373243
TAC006,initial,161,00,0.1740155162758802,-3.1015577529021785
TAC006,initial,161,01,0.24006724028123907,-2.779783170199447
TAC006,initial,161,10,0.277567316473409,-2.6346387364858352
TAC006,initial,161,11,0.30834992696947183,-2.5294669575457456
TAC006,initial,241,00,0.1740155161397442,-3.101557753808987
TAC006,initial,241,01,0.24006724034257423,-2.7797831700684426
TAC006,initial,241,10,0.2775673165099747,-2.6346387364785855
TAC006,initial,241,11,0.3083499270077065,-2.5294669575462345
TAC007,initial,21,00,0.1825378984527536,-2.9817207964050914
TAC007,initial,21,01,0.2482543993358296,-2.674224586462197
TAC007,initial,21,10,0.2751120258916804,-2.5715002290294775
TAC007,initial,21,11,0.2940956763197364,-2.5047734665666237
TAC007,initial,41,00,0.18155565125017487,-2.990198551440094
TAC007,initial,41,01,0.2483164827347504,-2.6770567039556137
TAC007,initial,41,10,0.27487702707733,-2.575436953215341
TAC007,initial,41,11,0.29525083893774506,-2.50393548008324
TAC007,initial,61,00,0.1814677572592091,-2.9908392535587294
TAC007,initial,61,01,0.24829970648124391,-2.6772807351279257
TAC007,initial,61,10,0.2749338854937039,-2.5753865931525644
TAC007,initial,61,11,0.2952986507658431,-2.503930025817152
TAC007,initial,81,00,0.18146166998313742,-2.99088093077957
TAC007,initial,81,01,0.24830110184213844,-2.677283247467817
TAC007,initial,81,10,0.27493627796443426,-2.5753860231927534
TAC007,initial,81,11,0.2953009502102899,-2.503930370991732
TAC007,initial,121,00,0.1814611091072153,-2.990884532487954
TAC007,initial,121,01,0.248301392379387,-2.6772825881933757
TAC007,initial,121,10,0.2749363928090551,-2.575386116304642
TAC007,initial,121,11,0.2953011057043429,-2.5039303552559633
TAC007,initial,161,00,0.18146110687195652,-2.990884549119583
TAC007,initial,161,01,0.2483013920995691,-2.6772825936338185
TAC007,initial,161,10,0.27493639403487996,-2.5753861161595797
TAC007,initial,161,11,0.29530110699359435,-2.5039303552035896
TAC007,initial,241,00,0.18146110700651277,-2.990884548189108
TAC007,initial,241,01,0.24830139207221152,-2.6772825935550384
TAC007,initial,241,10,0.27493639398342623,-2.5753861161577682
TAC007,initial,241,11,0.2953011069378492,-2.5039303552034045
TAC008,initial,21,00,0.16024240936865522,-3.196469470987076
TAC008,initial,21,01,0.2395921203888726,-2.794219219055077
TAC008,initial,21,10,0.28373703822956453,-2.625109310727687
TAC008,initial,21,11,0.31642843201290766,-2.5160601053991307
TAC008,initial,41,00,0.15794952346440927,-3.210716369956068
TAC008,initial,41,01,0.2421132373477939,-2.7835863405571595
TAC008,initial,41,10,0.2827842517799347,-2.628307634500306
TAC008,initial,41,11,0.3171529874078619,-2.5136076126189106
TAC008,initial,61,00,0.1580548337503513,-3.2098873480614762
TAC008,initial,61,01,0.24213502895153208,-2.783333828510788
TAC008,initial,61,10,0.28271818891867573,-2.6283787673015007
TAC008,initial,61,11,0.31709194837944127,-2.513637580135798
TAC008,initial,81,00,0.1580633889990517,-3.2098216126829944
TAC008,initial,81,01,0.24213285672132742,-2.7833311912183674
TAC008,initial,81,10,0.2827152354232512,-2.628377605653664
TAC008,initial,81,11,0.3170885188563697,-2.5136367872570284
TAC008,initial,121,00,0.15806406352547858,-3.2098167643957733
TAC008,initial,121,01,0.2421325117176645,-2.7833320352183093
TAC008,initial,121,10,0.2827151000719389,-2.6283775035549
TAC008,initial,121,11,0.31708832468491804,-2.513636818760653
TAC008,initial,161,00,0.15806406893943856,-3.2098167247788965
TAC008,initial,161,01,0.24213250967583985,-2.783332038285788
TAC008,initial,161,10,0.2827150984321669,-2.62837750398979
TAC008,initial,161,11,0.3170883229525546,-2.5136368188588043
TAC008,initial,241,00,0.15806406908125295,-3.209816723660123
TAC008,initial,241,01,0.242132509665891,-2.783332038105298
TAC008,initial,241,10,0.2827150983705355,-2.628377503986211
TAC008,initial,241,11,0.31708832288232053,-2.513636818858723
TAC009,initial,21,00,0.19164784857026232,-2.9247604571256796
TAC009,initial,21,01,0.24698264645536844,-2.6711019461681644
TAC009,initial,21,10,0.2717279616975463,-2.575618598058669
TAC009,initial,21,11,0.2896415432768226,-2.5117759222972387
TAC009,initial,41,00,0.19237836997652932,-2.9215099363811348
TAC009,initial,41,01,0.24640734455281352,-2.6739880074799873
TAC009,initial,41,10,0.27076409000842727,-2.5797261209474422
TAC009,initial,41,11,0.29045019546222983,-2.509541928731735
TAC009,initial,61,00,0.19237647157035023,-2.921581751852282
TAC009,initial,61,01,0.246368863764897,-2.674206134386396
TAC009,initial,61,10,0.2707933896863186,-2.5796798630467856
TAC009,initial,61,11,0.2904612749784344,-2.5095657307858628
TAC009,initial,81,00,0.19237681049616678,-2.921579531096911
TAC009,initial,81,01,0.24636834725146908,-2.674207771920297
TAC009,initial,81,10,0.2707935342094318,-2.5796788703716302
TAC009,initial,81,11,0.29046130804293196,-2.5095651579786433
TAC009,initial,121,00,0.192377023397104,-2.921578010391645
TAC009,initial,121,01,0.24636840270506205,-2.6742071328174775
TAC009,initial,121,10,0.27079339281432596,-2.57967897850397
TAC009,initial,121,11,0.290461181083508,-2.509565181055796
TAC009,initial,161,00,0.1923770290573548,-2.921577975512033
TAC009,initial,161,01,0.2463684000543083,-2.67420713811987
TAC009,initial,161,10,0.2707933914219442,-2.5796789781889142
TAC009,initial,161,11,0.2904611794663929,-2.509565181166285
TAC009,initial,241,00,0.19237702903558582,-2.9215779756282774
TAC009,initial,241,01,0.2463684000744356,-2.67420713804126
TAC009,initial,241,10,0.2707933914228996,-2.579678978188472
TAC009,initial,241,11,0.290461179467079,-2.5095651811670088
TAC010,initial,21,00,0.18036284928488375,-2.9982980910752595
TAC010,initial,21,01,0.2437031850147379,-2.6973177123145047
TAC010,initial,21,10,0.2797672192424547,-2.5593108447186736
TAC010,initial,21,11,0.29616674645792357,-2.5023461139283745
TAC010,initial,41,00,0.17871361139948072,-3.010126900689887
TAC010,initial,41,01,0.24443919190990931,-2.696944914811929
TAC010,initial,41,10,0.2796784575401898,-2.562270911586006
TAC010,initial,41,11,0.29716873915042036,-2.5016113661930937
TAC010,initial,61,00,0.17861953004299172,-3.0108073980646344
TAC010,initial,61,01,0.24443057180080593,-2.697134102597539
TAC010,initial,61,10,0.2797341648267224,-2.562225670413599
TAC010,initial,61,11,0.29721573332948004,-2.5016071613064055
TAC010,initial,81,00,0.1786137650490406,-3.0108493395880753
TAC010,initial,81,01,0.2444308554198886,-2.6971426080028684
TAC010,initial,81,10,0.27973684717827635,-2.562225747259145
TAC010,initial,81,11,0.2972185323527947,-2.501607409600836
TAC010,initial,121,00,0.1786131821847057,-3.0108532187662753
TAC010,initial,121,01,0.24443109288853757,-2.6971422523929465
TAC010,initial,121,10,0.27973700637263055,-2.5622257940794664
TAC010,initial,121,11,0.29721871855412607,-2.5016073990277548
TAC010,initial,161,00,0.17861317667765605,-3.0108532567169397
TAC010,initial,161,01,0.2444310942872152,-2.697142253789165
TAC010,initial,161,10,0.27973700835632637,-2.5622257941065723
TAC010,initial,161,11,0.2972187206788021,-2.5016073989976224
TAC010,initial,241,00,0.178613176706608,-3.0108532565202952
TAC010,initial,241,01,0.24443109427775114,-2.6971422537933325
TAC010,initial,241,10,0.27973700834708487,-2.5622257941050575
TAC010,initial,241,11,0.29721872066855576,-2.5016073989975456
TAC011,initial,21,00,0.18145133678027067,-3.030951387867573
TAC011,initial,21,01,0.24446911393164086,-2.73284991116212
TAC011,initial,21,10,0.27271200332690243,-2.6235225832264604
TAC011,initial,21,11,0.3013675459611859,-2.5236082859486175
TAC011,initial,41,00,0.178771214858576,-3.0479739295513757
TAC011,initial,41,01,0.24618886373632537,-2.7279818084692824
TAC011,initial,41,10,0.2721482612951608,-2.627733792520725
TAC011,initial,41,11,0.3028916601099381,-2.520705604429004
TAC011,initial,61,00,0.1786792090393813,-3.0486619139951636
TAC011,initial,61,01,0.2462142577298709,-2.728051860538423
TAC011,initial,61,10,0.2721746404178233,-2.6278100631581705
TAC011,initial,61,11,0.3029318928129242,-2.5207459797328005
TAC011,initial,81,00,0.17867436747106363,-3.048697525782001
TAC011,initial,81,01,0.2462131937254331,-2.72806469699696
TAC011,initial,81,10,0.2721776390051824,-2.6278075610660503
TAC011,initial,81,11,0.30293479979832116,-2.5207448986023944
TAC011,initial,121,00,0.17867388235329879,-3.0487009415382853
TAC011,initial,121,01,0.24621325710389236,-2.7280651402423164
TAC011,initial,121,10,0.2721778597601102,-2.627807450655329
TAC011,initial,121,11,0.30293500078269886,-2.5207449358033243
TAC011,initial,161,00,0.17867387313196964,-3.0487010023083303
TAC011,initial,161,01,0.24621326116073822,-2.7280651329255687
TAC011,initial,161,10,0.272177862145808,-2.627807451050324
TAC011,initial,161,11,0.302935003561484,-2.5207449357906597
TAC011,initial,241,00,0.17867387295301773,-3.048701003566871
TAC011,initial,241,01,0.24621326119076817,-2.7280651330605856
TAC011,initial,241,10,0.2721778622163212,-2.6278074510482385
TAC011,initial,241,11,0.30293500363989273,-2.5207449357888145
TAC012,initial,21,00,0.18070084982791362,-3.0240528521565953
TAC012,initial,21,01,0.2436025894033203,-2.7253575872068208
TAC012,initial,21,10,0.2753234926209095,-2.602949009592696
TAC012,initial,21,11,0.3003730681478565,-2.5158704901524107
TAC012,initial,41,00,0.17824946719471485,-3.0401203822730607
TAC012,initial,41,01,0.24515198425538273,-2.7214260903625305
TAC012,initial,41,10,0.27472388130882436,-2.607537927188294
TAC012,initial,41,11,0.3018746672410782,-2.513292530373797
TAC012,initial,61,00,0.1781540851960035,-3.0408227659794704
TAC012,initial,61,01,0.24516775566645949,-2.72152889574474
TAC012,initial,61,10,0.2747628467039799,-2.6075632389987824
TAC012,initial,61,11,0.3019153124335567,-2.5133250333399735
TAC012,initial,81,00,0.17814881745757072,-3.040861256689298
TAC012,initial,81,01,0.2451668586655553,-2.7215414763067938
TAC012,initial,81,10,0.2747660532581225,-2.607560490638219
TAC012,initial,81,11,0.3019182706187515,-2.513324157157533
TAC012,initial,121,00,0.17814828628479154,-3.0408649802502503
TAC012,initial,121,01,0.2451669787979429,-2.7215417282369225
TAC012,initial,121,10,0.27476625096976715,-2.6075605130074644
TAC012,initial,121,11,0.3019184839474983,-2.513324192512551
TAC012,initial,161,00,0.17814827723641155,-3.0408650402898956
TAC012,initial,161,01,0.24516698243726817,-2.721541722641012
TAC012,initial,161,10,0.27476625362202334,-2.607560512603053
TAC012,initial,161,11,0.301918486704297,-2.513324192629975
TAC012,initial,241,00,0.17814827709811426,-3.0408650412717115
TAC012,initial,241,01,0.2451669824586144,-2.7215417227594565
TAC012,initial,241,10,0.27476625367692636,-2.607560512608748
TAC012,initial,241,11,0.30191848676634514,-2.513324192629974
TAC013,initial,21,00,0.18101417109725004,-3.0084354633432993
TAC013,initial,21,01,0.24396194921579614,-2.7099985176038484
TAC013,initial,21,10,0.27709457885060845,-2.5826518970954364
TAC013,initial,21,11,0.2979293008363453,-2.5101545720567175
TAC013,initial,41,00,0.1790268162872498,-3.0220585401736955
TAC013,initial,41,01,0.24507088285609757,-2.708046659974019
TAC013,initial,41,10,0.2766444204981404,-2.586861145402814
TAC013,initial,41,11,0.2992578803585123,-2.5082884686671134
TAC013,initial,61,00,0.1789301110672088,-3.022763960543285
TAC013,initial,61,01,0.24507204708879501,-2.708207012111929
TAC013,initial,61,10,0.27669539481637395,-2.5868420057592383
TAC013,initial,61,11,0.2993024470276223,-2.508304658515884
TAC013,initial,81,00,0.17892429519698283,-3.0228061336995173
TAC013,initial,81,01,0.24507172370751396,-2.708218000690492
TAC013,initial,81,10,0.2766985419213112,-2.5868403009689933
TAC013,initial,81,11,0.2993054391741924,-2.508304330541139
TAC013,initial,121,00,0.17892370280811132,-3.0228101613471168
TAC013,initial,121,01,0.2450719294600544,-2.708217877937163
TAC013,initial,121,10,0.27669871777035504,-2.586840382250286
TAC013,initial,121,11,0.2993056499614791,-2.50830434309343
TAC013,initial,161,00,0.17892369535597544,-3.022810211479738
TAC013,initial,161,01,0.24507193192769985,-2.7082178763509193
TAC013,initial,161,10,0.27669872023716047,-2.5868403818179777
TAC013,initial,161,11,0.29930565247916424,-2.5083043431645002
TAC013,initial,241,00,0.17892369532031344,-3.022810211741709
TAC013,initial,241,01,0.24507193192828025,-2.7082178764112084
TAC013,initial,241,10,0.2766987202536824,-2.586840381820924
TAC013,initial,241,11,0.29930565249772406,-2.5083043431651477
TAC014,initial,21,00,0.14469859730221848,-3.0412788597554767
TAC014,initial,21,01,0.24502069209206212,-2.514589135014905
TAC014,initial,21,10,0.28849603923199507,-2.3512504424899108
TAC014,initial,21,11,0.3217846713737247,-2.242049200103942
TAC014,initial,41,00,0.1445871440745297,-3.042228807985537
TAC014,initial,41,01,0.2450363891300999,-2.514704480365302
TAC014,initial,41,10,0.288541141973477,-2.3512735246679397
TAC014,initial,41,11,0.3218353248218935,-2.242071205811341
TAC014,initial,61,00,0.14458657034529976,-3.042233527866912
TAC014,initial,61,01,0.24503650921903014,-2.5147047421013435
TAC014,initial,61,10,0.2885413582932533,-2.351273526788579
TAC014,initial,61,11,0.321835562142417,-2.2420712202362676
TAC014,initial,81,00,0.14458656233058031,-3.0422335914156213
TAC014,initial,81,01,0.24503651223773273,-2.514704737898675
TAC014,initial,81,10,0.28854136068298447,-2.3512735266232
TAC014,initial,81,11,0.32183556474870256,-2.2420712202548088
TAC014,initial,121,00,0.144586562237741,-3.0422335921869466
TAC014,initial,121,01,0.24503651225227355,-2.5147047379685565
TAC014,initial,121,10,0.2885413607196559,-2.351273526625331
TAC014,initial,121,11,0.32183556479032926,-2.2420712202546906
TAC015,initial,21,00,0.19899319755064254,-3.211092097575846
TAC015,initial,21,01,0.23506700008816803,-3.044492158286368
TAC015,initial,21,10,0.28055417394571824,-2.8675958987422807
TAC015,initial,21,11,0.2853856284154712,-2.850521390716029
TAC015,initial,41,00,0.2050447233922729,-3.1746354440160864
TAC015,initial,41,01,0.24289524867702791,-3.0052332872519094
TAC015,initial,41,10,0.2677063419819612,-2.9079729213727217
TAC015,initial,41,11,0.28435368594873794,-2.847644725863216
TAC015,initial,61,00,0.20278563492957796,-3.1877148556807384
TAC015,initial,61,01,0.2444131214693254,-3.001004376852402
TAC015,initial,61,10,0.2667786989316601,-2.913444819440933
TAC015,initial,61,11,0.2860225446694366,-2.8437936559797214
TAC015,initial,81,00,0.20228458692011309,-3.1910218402713073
TAC015,initial,81,01,0.24465722717167726,-3.0008392341591477
TAC015,initial,81,10,0.2668276398082024,-2.914094486161457
TAC015,initial,81,11,0.2862305461000074,-2.8438998009827956
TAC015,initial,121,00,0.20215255789401618,-3.1919182961711097
TAC015,initial,121,01,0.2446772575530685,-3.0010009196121836
TAC015,initial,121,10,0.26688675726274247,-2.914116507293827
TAC015,initial,121,11,0.2862834272901728,-2.8439586210132233
TAC015,initial,161,00,0.20214398590603092,-3.1919756199920015
TAC015,initial,161,01,0.2446756479366571,-3.001022417525219
TAC015,initial,161,10,0.26689208701275924,-2.914111456775255
TAC015,initial,161,11,0.2862882791445529,-2.8439565927887984
TAC015,initial,241,00,0.20214302532843081,-3.1919818132201008
TAC015,initial,241,01,0.24467585975492998,-3.001022993084463
TAC015,initial,241,10,0.2668924523014186,-2.9141115293700466
TAC015,initial,241,11,0.2862886626152207,-2.8439566946026456
TAC015,continuation,321,00,0.2021430056979834,-3.191981929565414
TAC015,continuation,321,01,0.24467586856713308,-3.001022976302274
TAC015,continuation,321,10,0.266892457738972,-2.9141115282301078
TAC015,continuation,321,11,0.28628866799591146,-2.8439566950416473
TAC015,continuation,361,00,0.20214300537780738,-3.1919819316765032
TAC015,continuation,361,01,0.24467586859954912,-3.0010229766969685
TAC015,continuation,361,10,0.26689245787502563,-2.9141115282475187
TAC015,continuation,361,11,0.2862886681476179,-2.8439566950389206
TAC015,continuation,481,00,0.20214300534663265,-3.1919819318766565
TAC015,continuation,481,01,0.24467586860599264,-3.0010229767165653
TAC015,continuation,481,10,0.2668924578867945,-2.9141115282493546
TAC015,continuation,481,11,0.28628866816058046,-2.8439566950395743
TAC015,continuation,641,00,0.20214300534770702,-3.1919819318700284
TAC015,continuation,641,01,0.2446758686056382,-3.0010229767167016
TAC015,continuation,641,10,0.2668924578864458,-2.9141115282493484
TAC015,continuation,641,11,0.286288668160209,-2.8439566950395587
TAC016,initial,21,00,0.18049368889125236,-3.0215480340441276
TAC016,initial,21,01,0.2434376937928946,-2.7223828144812647
TAC016,initial,21,10,0.275951664108156,-2.5970181262772076
TAC016,initial,21,11,0.3001169532076969,-2.5130716039019694
TAC016,initial,41,00,0.17797733570386953,-3.038368987791522
TAC016,initial,41,01,0.24499975729115342,-2.718767982574538
TAC016,initial,41,10,0.2752779302326336,-2.602243959780773
TAC016,initial,41,11,0.3017449767723437,-2.5104429896161196
TAC016,initial,61,00,0.177864211826078,-3.039196928780619
TAC016,initial,61,01,0.24501067657138736,-2.7189155456035206
TAC016,initial,61,10,0.27533135793873154,-2.602242022770693
TAC016,initial,61,11,0.30179375366380284,-2.5104734838606175
TAC016,initial,81,00,0.1778571944971306,-3.039247978769078
TAC016,initial,81,01,0.24500992880271238,-2.7189301935089043
TAC016,initial,81,10,0.27533539493352266,-2.6022389564809876
TAC016,initial,81,11,0.3017974817666342,-2.510472726705844
TAC016,initial,121,00,0.1778564288423104,-3.039253274787615
TAC016,initial,121,01,0.24501016228902953,-2.7189302316665835
TAC016,initial,121,10,0.2753356372589092,-2.6022390674955305
TAC016,initial,121,11,0.30179777160975063,-2.51047275744084
TAC016,initial,161,00,0.17785641713793018,-3.039253353403667
TAC016,initial,161,01,0.245010166425006,-2.7189302275937726
TAC016,initial,161,10,0.2753356410081751,-2.602239066686481
TAC016,initial,161,11,0.30179777542888875,-2.5104727575942394
TAC016,initial,241,00,0.17785641706268493,-3.039253353955721
TAC016,initial,241,01,0.24501016642805137,-2.71893022771033
TAC016,initial,241,10,0.27533564104179314,-2.6022390666933704
TAC016,initial,241,11,0.30179777546747044,-2.5104727575953865
TAC017,initial,21,00,0.18144880654840298,-3.011881843472972
TAC017,initial,21,01,0.24411141587966417,-2.7152306562770665
TAC017,initial,21,10,0.2760514699685011,-2.592268066083569
TAC017,initial,21,11,0.29838830760343177,-2.5144597158803044
TAC017,initial,41,00,0.179420328278241,-3.025298551571025
TAC017,initial,41,01,0.24533030935794928,-2.7124243033658955
TAC017,initial,41,10,0.2755835916445975,-2.5961388068453015
TAC017,initial,41,11,0.2996657707192121,-2.512362051378566
TAC017,initial,61,00,0.17934052803072237,-3.0258847689453034
TAC017,initial,61,01,0.24534050084120862,-2.7125241137452827
TAC017,initial,61,10,0.27561824222944536,-2.5961544308525166
TAC017,initial,61,11,0.29970072889862365,-2.5123867523508165
TAC017,initial,81,00,0.17933634044313393,-3.025915302493415
TAC017,initial,81,01,0.24533979132305941,-2.7125341890747654
TAC017,initial,81,10,0.275620791810613,-2.5961523638395105
TAC017,initial,81,11,0.29970307642319355,-2.5123861028378474
TAC017,initial,121,00,0.17933594085032556,-3.0259180883572045
TAC017,initial,121,01,0.24533988272706864,-2.712534374199936
TAC017,initial,121,10,0.27562094065426035,-2.5961523814950915
TAC017,initial,121,11,0.2997032357683453,-2.512386128847242
TAC017,initial,161,00,0.1793359342158988,-3.0259181320820248
TAC017,initial,161,01,0.24533988543729446,-2.712534369883527
TAC017,initial,161,10,0.2756209425872571,-2.5961523812122613
TAC017,initial,161,11,0.2997032377595499,-2.5123861289337337
TAC017,initial,241,00,0.17933593409931275,-3.0259181329018947
TAC017,initial,241,01,0.24533988545729296,-2.712534369971786
TAC017,initial,241,10,0.27562094263296943,-2.5961523812161804
TAC017,initial,241,11,0.2997032378104249,-2.512386128933754
TAC018,initial,21,00,0.19388646679322455,-3.054990828572379
TAC018,initial,21,01,0.24146156974158683,-2.835553264685667
TAC018,initial,21,10,0.2743351148970548,-2.7079131874659
TAC018,initial,21,11,0.290316848568134,-2.65129068579329
TAC018,initial,41,00,0.1904316010636794,-3.0750583881413758
TAC018,initial,41,01,0.24481388180055658,-2.823853212967896
TAC018,initial,41,10,0.27135313735680616,-2.7209304062274753
TAC018,initial,41,11,0.2934013797789578,-2.642809900278998
TAC018,initial,61,00,0.18997937998384537,-3.0781879036675175
TAC018,initial,61,01,0.2450028920841678,-2.823833428637544
TAC018,initial,61,10,0.2714288282932913,-2.7214034810952983
TAC018,initial,61,11,0.29358889963869556,-2.642922955282256
TAC018,initial,81,00,0.18993645906506368,-3.078489188795143
TAC018,initial,81,01,0.24500254726819826,-2.823910171545711
TAC018,initial,81,10,0.27145139897641457,-2.7213956649945037
TAC018,initial,81,11,0.2936095946903238,-2.642927803380089
TAC018,initial,121,00,0.1899304950364919,-3.078530826153438
TAC018,initial,121,01,0.24500167864222877,-2.8239239536674767
TAC018,initial,121,10,0.27145495761129446,-2.721392792163114
TAC018,initial,121,11,0.29361286870998504,-2.6429268892537645
TAC018,initial,161,00,0.18993029929447136,-3.0785320771238136
TAC018,initial,161,01,0.24500175872594065,-2.823923847169151
TAC018,initial,161,10,0.27145500798565164,-2.7213928269631085
TAC018,initial,161,11,0.29361293399393606,-2.6429268872784277
TAC018,initial,241,00,0.18993028916384455,-3.0785321408843473
TAC018,initial,241,01,0.24500176287047948,-2.823923840674664
TAC018,initial,241,10,0.27145501096492836,-2.7213928264097715
TAC018,initial,241,11,0.29361293700074764,-2.6429268874595717
TAC018,continuation,321,00,0.18993028915001264,-3.0785321409743904
TAC018,continuation,321,01,0.24500176287468425,-2.823923840674719
TAC018,continuation,321,10,0.27145501096952035,-2.721392826410073
TAC018,continuation,321,11,0.29361293700578306,-2.6429268874596397
TAC018,continuation,361,00,0.18993028915035712,-3.0785321409721758
TAC018,continuation,361,01,0.24500176287456502,-2.823923840674804
TAC018,continuation,361,10,0.2714550109694116,-2.721392826410072
TAC018,continuation,361,11,0.2936129370056665,-2.6429268874596348
TAC018,continuation,481,00,0.18993028915039828,-3.078532140971891
TAC018,continuation,481,01,0.24500176287455064,-2.8239238406747953
TAC018,continuation,481,10,0.2714550109693986,-2.7213928264100526
TAC018,continuation,481,11,0.2936129370056524,-2.6429268874596152
TAC018,continuation,641,00,0.18993028915039667,-3.0785321409718884
TAC018,continuation,641,01,0.24500176287455053,-2.823923840674785
TAC018,continuation,641,10,0.27145501096939945,-2.721392826410038
TAC018,continuation,641,11,0.29361293700565333,-2.642926887459601
TAC019,initial,21,00,0.18419220303487815,-3.069199398413731
TAC019,initial,21,01,0.24707283445300832,-2.7754960230497034
TAC019,initial,21,10,0.2737959798128296,-2.6727959627250364
TAC019,initial,21,11,0.294938982699284,-2.598410695899855
TAC019,initial,41,00,0.1848309404415843,-3.0654166275582004
TAC019,initial,41,01,0.24659304908173704,-2.777118796066953
TAC019,initial,41,10,0.2738025904934524,-2.672450825312172
TAC019,initial,41,11,0.2947734199832263,-2.5986512060123457
TAC019,initial,61,00,0.18484366720100187,-3.0653268944876455
TAC019,initial,61,01,0.2465930724370761,-2.7770978221312497
TAC019,initial,61,10,0.2737959674108735,-2.6724541356430347
TAC019,initial,61,11,0.2947672929510487,-2.5986511125700615
TAC019,initial,81,00,0.18484399295917844,-3.065324791126854
TAC019,initial,81,01,0.24659291590457966,-2.777098115893963
TAC019,initial,81,10,0.2737958922436425,-2.672454069162385
TAC019,initial,81,11,0.29476719889259956,-2.5986510906459452
TAC019,initial,121,00,0.18484397418223236,-3.065324918890364
TAC019,initial,121,01,0.2465929204034156,-2.77709812383082
TAC019,initial,121,10,0.27379589888758726,-2.6724540710771714
TAC019,initial,121,11,0.2947672065267647,-2.5986510909278175
TAC019,initial,161,00,0.18484397412052148,-3.0653249193471805
TAC019,initial,161,01,0.24659292039559555,-2.777098123985495
TAC019,initial,161,10,0.2737958989205663,-2.6724540710796822
TAC019,initial,161,11,0.29476720656331645,-2.5986510909267775
TAC019,initial,241,00,0.18484397412431663,-3.06532491932168
TAC019,initial,241,01,0.24659292039462039,-2.77709812398448
TAC019,initial,241,10,0.27379589891921,-2.672454071079667
TAC019,initial,241,11,0.2947672065618531,-2.5986510909267735
TAC020,initial,21,00,0.18082660273907747,-3.0177745842891524
TAC020,initial,21,01,0.24376542917068852,-2.719106753430463
TAC020,initial,21,10,0.2760113663679097,-2.594871113105311
TAC020,initial,21,11,0.2993966017223244,-2.513544038838636
TAC020,initial,41,00,0.17858295154558293,-3.032738152198297
TAC020,initial,41,01,0.24512560589220797,-2.716020603730941
TAC020,initial,41,10,0.2754590887432171,-2.599352240656431
TAC020,initial,41,11,0.300832353818992,-2.5112382144824363
TAC020,initial,61,00,0.178487857456449,-3.0334356427325813
TAC020,initial,61,01,0.2451350508559028,-2.7161469295267047
TAC020,initial,61,10,0.2755029659650472,-2.5993578218960054
TAC020,initial,61,11,0.30087412572260086,-2.5112642258681546
TAC020,initial,81,00,0.1784824167514352,-3.033475225709097
TAC020,initial,81,01,0.2451343967039299,-2.71615869836557
TAC020,initial,81,10,0.27550612576676736,-2.5993554530487377
TAC020,initial,81,11,0.3008770607778676,-2.511263571120331
TAC020,initial,121,00,0.1784818683124088,-3.033479020023195
TAC020,initial,121,01,0.24513455210934929,-2.7161587859248475
TAC020,initial,121,10,0.27550630962990746,-2.5993555072031267
TAC020,initial,121,11,0.30087726994833425,-2.51126359743728
TAC020,initial,161,00,0.17848186014771475,-3.033479074469571
TAC020,initial,161,01,0.24513455516226798,-2.71615878217194
TAC020,initial,161,10,0.2755063121559653,-2.5993555067354883
TAC020,initial,161,11,0.30087727253405167,-2.5112635975444983
TAC020,initial,241,00,0.17848186005780056,-3.0334790751116145
TAC020,initial,241,01,0.24513455517398325,-2.7161587822624207
TAC020,initial,241,10,0.27550631219268945,-2.5993555067404635
TAC020,initial,241,11,0.30087727257552643,-2.5112635975449233
TAC021,initial,21,00,0.16079106432843834,-3.1322342023159315
TAC021,initial,21,01,0.236781684165106,-2.745201434677285
TAC021,initial,21,10,0.22279700669369232,-2.806078914404588
TAC021,initial,21,11,0.37963024481276364,-2.2731422483766326
TAC021,initial,41,00,0.1725976358795984,-2.9776648366173353
TAC021,initial,41,01,0.2599167763314569,-2.5682664293248014
TAC021,initial,41,10,0.2632044373232096,-2.5556968596276173
TAC021,initial,41,11,0.3042811504657353,-2.4106758070011365
TAC021,initial,61,00,0.1751679734048453,-2.969632744319811
TAC021,initial,61,01,0.24627326655716322,-2.628936346841673
TAC021,initial,61,10,0.2749996221697537,-2.518608382173995
TAC021,initial,61,11,0.30355913786823746,-2.419801661450149
TAC021,initial,81,00,0.17092211912778427,-3.0019623251442167
TAC021,initial,81,01,0.24448976934233668,-2.643996869344877
TAC021,initial,81,10,0.2782192935165988,-2.5147607058732078
TAC021,initial,81,11,0.3063688180132804,-2.418380670402255
TAC021,initial,121,00,0.1722370254900484,-2.992537143820401
TAC021,initial,121,01,0.24387309783820732,-2.6447607279899104
TAC021,initial,121,10,0.2777559364992973,-2.514665925335794
TAC021,initial,121,11,0.30613394017244694,-2.4173860079960954
TAC021,initial,161,00,0.17212230349257662,-2.9932432580456103
TAC021,initial,161,01,0.24396411274293348,-2.644427413434506
TAC021,initial,161,10,0.2777540043099909,-2.5147127036146597
TAC021,initial,161,11,0.30615957945449906,-2.4173420814851085
TAC021,initial,241,00,0.17211914769931894,-2.993256233007921
TAC021,initial,241,01,0.24397228038062904,-2.64438857534203
TAC021,initial,241,10,0.277751132375686,-2.5147176837126795
TAC021,initial,241,11,0.3061574395443659,-2.4173437112309926
TAC021,continuation,321,00,0.17211906511471892,-2.993256756107048
TAC021,continuation,321,01,0.24397234566242026,-2.644388351051705
TAC021,continuation,321,10,0.27775113596690854,-2.5147177140714003
TAC021,continuation,321,11,0.30615745325595256,-2.4173437097332915
TAC021,continuation,361,00,0.17211906121100926,-2.993256783236417
TAC021,continuation,361,01,0.2439723469370333,-2.6443883502763716
TAC021,continuation,361,10,0.2777511372124535,-2.5147177140360912
TAC021,continuation,361,11,0.30615745463950383,-2.41734370966329
TAC021,continuation,481,00,0.172119062396172,-2.99325677489896
TAC021,continuation,481,01,0.24397234659166656,-2.6443883502402277
TAC021,continuation,481,10,0.2777511368222099,-2.5147177139893606
TAC021,continuation,481,11,0.3061574541899515,-2.4173437096799177
TAC021,continuation,641,00,0.17211906239181146,-2.993256774929069
TAC021,continuation,641,01,0.24397234659313877,-2.644388350238968
TAC021,continuation,641,10,0.2777511368236166,-2.514717713989071
TAC021,continuation,641,11,0.3061574541914332,-2.417343709679853
TAC022,initial,21,00,0.18264284070772607,-3.0215607245242575
TAC022,initial,21,01,0.24426686113124899,-2.730831959407692
TAC022,initial,21,10,0.27506256715620453,-2.612094691494935
TAC022,initial,21,11,0.2980277310048201,-2.5319067409760883
TAC022,initial,41,00,0.18020073693505306,-3.0377100660141387
TAC022,initial,41,01,0.24581216556985516,-2.7272138110377138
TAC022,initial,41,10,0.2742331166923405,-2.617802965201065
TAC022,initial,41,11,0.2997539808027514,-2.5288194264907573
TAC022,initial,61,00,0.1800814259032468,-3.0385831737764533
TAC022,initial,61,01,0.24582561940527245,-2.727369868145974
TAC022,initial,61,10,0.2742884679521181,-2.6178119331842176
TAC022,initial,61,11,0.29980448673936266,-2.5288617371775306
TAC022,initial,81,00,0.1800738657629052,-3.0386375565872608
TAC022,initial,81,01,0.24582461450546528,-2.727386356151642
TAC022,initial,81,10,0.274292947004509,-2.6178080037439897
TAC022,initial,81,11,0.29980857272712064,-2.5288605085701565
TAC022,initial,121,00,0.1800730609069528,-3.0386431151797404
TAC022,initial,121,01,0.24582483740494637,-2.7273865384048377
TAC022,initial,121,10,0.27429321870541296,-2.617808102189085
TAC022,initial,121,11,0.29980888298268815,-2.5288605627198386
TAC022,initial,161,00,0.18007304807500857,-3.038643199744911
TAC022,initial,161,01,0.24582484239824623,-2.7273865313979204
TAC022,initial,161,10,0.27429322262745864,-2.6178081011958643
TAC022,initial,161,11,0.29980888689928664,-2.5288605629617016
TAC022,initial,241,00,0.18007304794768145,-3.038643200665494
TAC022,initial,241,01,0.24582484240653513,-2.7273865315776984
TAC022,initial,241,10,0.27429322268272366,-2.6178081012078795
TAC022,initial,241,11,0.29980888696305974,-2.5288605629624854
TAC023,initial,21,00,0.17869424474616316,-3.0166803803554223
TAC023,initial,21,01,0.24295164185330373,-2.7094941769516065
TAC023,initial,21,10,0.2769674658993488,-2.5784565481067174
TAC023,initial,21,11,0.3013866475011844,-2.4939626121467615
TAC023,initial,41,00,0.1765068626688681,-3.031384724690054
TAC023,initial,41,01,0.2442424656907356,-2.706583038548408
TAC023,initial,41,10,0.27660808274911225,-2.5821428416831766
TAC023,initial,41,11,0.30264258889128426,-2.4921919476366723
TAC023,initial,61,00,0.17642479293690785,-3.031988556143033
TAC023,initial,61,01,0.24425072007903004,-2.7066880003270266
TAC023,initial,61,10,0.2766449964846974,-2.58214815627255
TAC023,initial,61,11,0.3026794904993647,-2.4922087808416054
TAC023,initial,81,00,0.17642044099882268,-3.0320205885621956
TAC023,initial,81,01,0.24425025129421,-2.7066972843370776
TAC023,initial,81,10,0.27664747529128125,-2.582146560800087
TAC023,initial,81,11,0.3026818324156862,-2.492208408321455
TAC023,initial,121,00,0.17642001282979314,-3.0320235675743317
TAC023,initial,121,01,0.24425037286214088,-2.706697338646801
TAC023,initial,121,10,0.276647618957422,-2.5821465935173453
TAC023,initial,121,11,0.30268199535064416,-2.4922084220455676
TAC023,initial,161,00,0.17642000653832007,-3.032023610091825
TAC023,initial,161,01,0.24425037512585326,-2.706697336234393
TAC023,initial,161,10,0.2766476209255475,-2.5821465932587406
TAC023,initial,161,11,0.302681997410279,-2.4922084220965424
TAC023,initial,241,00,0.17642000646297576,-3.0320236106278626
TAC023,initial,241,01,0.24425037513883333,-2.7066973362902145
TAC023,initial,241,10,0.27664762095499734,-2.582146593261253
TAC023,initial,241,11,0.3026819974431937,-2.4922084220967635
TAC024,initial,21,00,0.3765344756985893,-3.017738482864103
TAC024,initial,21,11,0.623465524301411,-2.5134546250640155
TAC024,initial,41,00,0.37244366600461926,-3.0328669068028438
TAC024,initial,41,11,0.6275563339953808,-2.511119258715529
TAC024,initial,61,00,0.3722841731287792,-3.033576023210842
TAC024,initial,61,11,0.6277158268712207,-2.511145933041478
TAC024,initial,81,00,0.3722745482350616,-3.0336165303368805
TAC024,initial,81,11,0.6277254517649384,-2.5111452531281597
TAC024,initial,121,00,0.3722736390622165,-3.033620448557797
TAC024,initial,121,11,0.6277263609377834,-2.5111452807758976
TAC024,initial,161,00,0.3722736256672503,-3.0336205059934844
TAC024,initial,161,11,0.6277263743327496,-2.5111452808912165
TAC024,initial,241,00,0.37227362550347254,-3.033620506694796
TAC024,initial,241,11,0.6277263744965275,-2.5111452808916823
TAC025,initial,21,01,0.46894270328459126,-2.719177487313067
TAC025,initial,21,10,0.5310572967154085,-2.594788161619924
TAC025,initial,41,01,0.47085365576245997,-2.7160382277241806
TAC025,initial,41,10,0.52914634423754,-2.59932052705573
TAC025,initial,61,01,0.4708232012948372,-2.7161663367630275
TAC025,initial,61,10,0.5291767987051629,-2.599326402435376
TAC025,initial,81,01,0.4708195666616409,-2.71617847224722
TAC025,initial,81,10,0.529180433338359,-2.599323949705651
TAC025,initial,121,01,0.47081955693898825,-2.7161785677118595
TAC025,initial,121,10,0.5291804430610119,-2.5993240061467655
TAC025,initial,161,01,0.4708195578185174,-2.716178563681764
TAC025,initial,161,10,0.5291804421814825,-2.5993240056468108
TAC025,initial,241,01,0.4708195577953296,-2.716178563780281
TAC025,initial,241,10,0.5291804422046705,-2.599324005652259
TAC026,initial,21,00,0.06466226002782487,-3.017738482864103
TAC026,initial,21,01,0.08715940815495693,-2.719177487313067
TAC026,initial,21,10,0.09870425396084265,-2.594788161619924
TAC026,initial,21,11,0.7494740778563755,-2.5134546250640155
TAC026,initial,41,00,0.06365260970122606,-3.0328669068028438
TAC026,initial,41,01,0.08738022548639836,-2.7160382277241806
TAC026,initial,41,10,0.09819808407329345,-2.59932052705573
TAC026,initial,41,11,0.7507690807390821,-2.511119258715529
TAC026,initial,61,00,0.063612381498558,-3.033576023210842
TAC026,initial,61,01,0.08737575273388402,-2.7161663367630275
TAC026,initial,61,10,0.09820506081478363,-2.599326402435376
TAC026,initial,61,11,0.7508068049527743,-2.511145933041478
TAC026,initial,81,00,0.06360998835461626,-3.0336165303368805
TAC026,initial,81,01,0.08737494453014298,-2.71617847224722
TAC026,initial,81,10,0.09820558507629928,-2.599323949705651
TAC026,initial,81,11,0.7508094820389415,-2.5111452531281597
TAC026,initial,121,00,0.06360975717463842,-3.033620448557797
TAC026,initial,121,01,0.08737496099290627,-2.7161785677118595
TAC026,initial,121,10,0.09820560741204823,-2.5993240061467655
TAC026,initial,121,11,0.750809674420407,-2.5111452807758976
TAC026,initial,161,00,0.06360975373355028,-3.0336205059934844
TAC026,initial,161,01,0.08737496163676539,-2.716178563681764
TAC026,initial,161,10,0.0982056077890379,-2.5993240056468108
TAC026,initial,161,11,0.7508096768406465,-2.5111452808912165
TAC026,initial,241,00,0.06360975369238148,-3.033620506694796
TAC026,initial,241,01,0.08737496163288473,-2.716178563780281
TAC026,initial,241,10,0.09820560779381608,-2.599324005652259
TAC026,initial,241,11,0.7508096768809177,-2.5111452808916823
TAC027,initial,21,00,0.6071026401225471,-3.017738482864103
TAC027,initial,21,01,0.11690348938717054,-2.719177487313067
TAC027,initial,21,10,0.13238813743280006,-2.594788161619924
TAC027,initial,21,11,0.14360573305748234,-2.5134546250640155
TAC027,initial,41,00,0.6034245508147641,-3.0328669068028438
TAC027,initial,41,01,0.11833736177334969,-2.7160382277241806
TAC027,initial,41,10,0.1329877799667613,-2.59932052705573
TAC027,initial,41,11,0.14525030744512493,-2.511119258715529
TAC027,initial,61,00,0.6032668032025615,-3.033576023210842
TAC027,initial,61,01,0.1183751828259197,-2.7161663367630275
TAC027,initial,61,10,0.1330465451186027,-2.599326402435376
TAC027,initial,61,11,0.14531146885291632,-2.511145933041478
TAC027,initial,81,00,0.6032577185023491,-3.0336165303368805
TAC027,initial,81,01,0.11837675868871217,-2.71617847224722
TAC027,initial,81,10,0.13305025724451638,-2.599323949705651
TAC027,initial,81,11,0.1453152655644223,-2.5111452531281597
TAC027,initial,121,00,0.6032567944945656,-3.033620448557797
TAC027,initial,121,01,0.11837702989710501,-2.7161785677118595
TAC027,initial,121,10,0.13305056726289372,-2.5993240061467655
TAC027,initial,121,11,0.14531560834543578,-2.5111452807758976
TAC027,initial,161,00,0.6032567804302057,-3.0336205059934844
TAC027,initial,161,01,0.11837703441339371,-2.716178563681764
TAC027,initial,161,10,0.13305057186931604,-2.5993240056468108
TAC027,initial,161,11,0.14531561328708442,-2.5111452808912165
TAC027,initial,241,00,0.6032567802698685,-3.033620506694796
TAC027,initial,241,01,0.1183770344532878,-2.716178563780281
TAC027,initial,241,10,0.13305057192653807,-2.599324005652259
TAC027,initial,241,11,0.14531561335030543,-2.5111452808916823
TAC028,initial,21,00,0.06712126503376752,-3.017738482864103
TAC028,initial,21,01,0.1809478893078515,-2.719177487313067
TAC028,initial,21,10,0.3073734688772927,-2.594788161619924
TAC028,initial,21,11,0.44455737678108836,-2.5134546250640155
TAC028,initial,41,00,0.06616570105545107,-3.0328669068028438
TAC028,initial,41,01,0.1816602305806034,-2.7160382277241806
TAC028,initial,41,10,0.306225232814913,-2.59932052705573
TAC028,initial,41,11,0.4459488355490324,-2.511119258715529
TAC028,initial,61,00,0.06612434420542863,-3.033576023210842
TAC028,initial,61,01,0.18165219452174527,-2.7161663367630275
TAC028,initial,61,10,0.30624911806732197,-2.599326402435376
TAC028,initial,61,11,0.4459743432055039,-2.511145933041478
TAC028,initial,81,00,0.06612191890067053,-3.0336165303368805
TAC028,initial,81,01,0.1816506855484567,-2.71617847224722
TAC028,initial,81,10,0.3062510416983929,-2.599323949705651
TAC028,initial,81,11,0.44597635385248,-2.5111452531281597
TAC028,initial,121,00,0.06612168005653202,-3.033620448557797
TAC028,initial,121,01,0.18165072379897054,-2.7161785677118595
TAC028,initial,121,10,0.306251118137227,-2.5993240061467655
TAC028,initial,121,11,0.4459764780072702,-2.5111452807758976
TAC028,initial,161,00,0.0661216764547722,-3.0336205059934844
TAC028,initial,161,01,0.18165072506945168,-2.716178563681764
TAC028,initial,161,10,0.30625111919806475,-2.5993240056468108
TAC028,initial,161,11,0.44597647927771167,-2.5111452808912165
TAC028,initial,241,00,0.0661216764127738,-3.033620506694796
TAC028,initial,241,01,0.18165072506357105,-2.716178563780281
TAC028,initial,241,10,0.3062511192166528,-2.599324005652259
TAC028,initial,241,11,0.44597647930700235,-2.5111452808916823
TAC029,initial,21,00,0.0,-3.017738482864103
TAC029,initial,21,01,0.17331873165757672,-2.719177487313067
TAC029,initial,21,10,0.2944139330653713,-2.594788161619924
TAC029,initial,21,11,0.5322673352770521,-2.5134546250640155
TAC029,initial,41,00,0.0,-3.0328669068028438
TAC029,initial,41,01,0.1737840742963386,-2.7160382277241806
TAC029,initial,41,10,0.2929483709276026,-2.59932052705573
TAC029,initial,41,11,0.5332675547760588,-2.511119258715529
TAC029,initial,61,00,0.0,-3.033576023210842
TAC029,initial,61,01,0.17376845165677537,-2.7161663367630275
TAC029,initial,61,10,0.2929578429146975,-2.599326402435376
TAC029,initial,61,11,0.533273705428527,-2.511145933041478
TAC029,initial,81,00,0.0,-3.0336165303368805
TAC029,initial,81,01,0.17376652147195412,-2.71617847224722
TAC029,initial,81,10,0.29295886251360326,-2.599323949705651
TAC029,initial,81,11,0.5332746160144424,-2.5111452531281597
TAC029,initial,121,00,0.0,-3.033620448557797
TAC029,initial,121,01,0.17376651320113376,-2.7161785677118595
TAC029,initial,121,10,0.2929588600018341,-2.5993240061467655
TAC029,initial,121,11,0.5332746267970323,-2.5111452807758976
TAC029,initial,161,00,0.0,-3.0336205059934844
TAC029,initial,161,01,0.1737665137649766,-2.716178563681764
TAC029,initial,161,10,0.2929588599182498,-2.5993240056468108
TAC029,initial,161,11,0.5332746263167737,-2.5111452808912165
TAC029,initial,241,00,0.0,-3.033620506694796
TAC029,initial,241,01,0.1737665137511529,-2.716178563780281
TAC029,initial,241,10,0.29295885992220927,-2.599324005652259
TAC029,initial,241,11,0.533274626326638,-2.5111452808916823
TAC030,initial,21,000,0.06399117109495286,-3.45650637483157
TAC030,initial,21,001,0.09923720603235804,-3.0177384922505133
TAC030,initial,21,010,0.10557577816713201,-2.9558225254889328
TAC030,initial,21,011,0.13376359245240982,-2.719177490608704
TAC030,initial,21,100,0.12450468145719207,-2.7909081797700557
TAC030,initial,21,101,0.15148147395159295,-2.5947881637094703
TAC030,initial,21,110,0.1571291983588234,-2.55818311061501
TAC030,initial,21,111,0.16431689848553882,-2.5134546258761405
TAC030,initial,41,000,0.06588407945339826,-3.4268043042826877
TAC030,initial,41,001,0.09769342059355864,-3.03286691633254
TAC030,initial,41,010,0.10507543241561203,-2.960022633974188
TAC030,initial,41,011,0.13411034069724562,-2.71603823101037
TAC030,initial,41,100,0.1253366431777454,-2.783697867455156
TAC030,initial,41,101,0.15071348755642716,-2.5993205291546233
TAC030,initial,41,110,0.15657613011146854,-2.561158784075311
TAC030,initial,41,111,0.16461046599454454,-2.511119259525754
TAC030,initial,61,000,0.0658729828170153,-3.427097208033008
TAC030,initial,61,001,0.09763632048452199,-3.0335760327466255
TAC030,initial,61,010,0.10504954493754455,-2.960393497635836
TAC030,initial,61,011,0.13410985171192125,-2.7161663400496443
TAC030,initial,61,100,0.12537106357439695,-2.7835477444760968
TAC030,initial,61,101,0.15073136135359394,-2.5993264045342803
TAC030,initial,61,110,0.15660231131815994,-2.561116050229101
TAC030,initial,61,111,0.16462656380284602,-2.511145933851725
TAC030,initial,81,000,0.06586535469567761,-3.427228334074844
TAC030,initial,81,001,0.09763386122800351,-3.033616539873029
TAC030,initial,81,010,0.1050490484988595,-2.9604135422867244
TAC030,initial,81,011,0.13411027863762007,-2.716178475533877
TAC030,initial,81,100,0.1253735133871338,-2.78354352305337
TAC030,initial,81,101,0.15073404011664512,-2.5993239518045503
TAC030,initial,81,110,0.15660470578542646,-2.5611160791136474
TAC030,initial,81,111,0.164629197650634,-2.511145253938406
TAC030,initial,121,000,0.06586493730003798,-3.427235683688477
TAC030,initial,121,001,0.09763357753058464,-3.0336204580939823
TAC030,initial,121,010,0.10504904405141961,-2.960414597112511
TAC030,initial,121,011,0.134110401620068,-2.7161785709985162
TAC030,initial,121,100,0.12537363834515997,-2.7835435388568537
TAC030,initial,121,101,0.1507341842256731,-2.599324008245665
TAC030,initial,121,110,0.15660485714271732,-2.5611161251104964
TAC030,initial,121,111,0.1646293597843393,-2.5111452815861437
TAC030,initial,161,000,0.06586494807118404,-3.427235512756273
TAC030,initial,161,001,0.09763357120060304,-3.03362051552967
TAC030,initial,161,010,0.10504904464383395,-2.960414584074726
TAC030,initial,161,011,0.13411040116834616,-2.7161785669684213
TAC030,initial,161,100,0.1253736372035511,-2.783543540564129
TAC030,initial,161,101,0.15073418318584506,-2.5993240077457096
TAC030,initial,161,110,0.1566048559792725,-2.561116125141293
TAC030,initial,161,111,0.16462935854736427,-2.5111452817014626
TAC030,initial,241,000,0.06586494858745995,-3.4272355043958753
TAC030,initial,241,001,0.09763357108116717,-3.0336205162309815
TAC030,initial,241,010,0.10504904464039301,-2.9604145835854854
TAC030,initial,241,011,0.13411040108512903,-2.7161785670669376
TAC030,initial,241,100,0.1253736371403891,-2.783543540545923
TAC030,initial,241,101,0.15073418310634118,-2.599324007751158
TAC030,initial,241,110,0.1566048558977689,-2.5611161251397383
TAC030,initial,241,111,0.1646293584613516,-2.5111452817019284
TAC031,initial,21,000,0.012646228787693274,-3.45650637483157
TAC031,initial,21,001,0.03922342380246383,-3.0177384922505133
TAC031,initial,21,010,0.06259310881305039,-2.9558225254889328
TAC031,initial,21,011,0.10573989909369588,-2.719177490608704
TAC031,initial,21,100,0.12302593153907049,-2.7909081797700557
TAC031,initial,21,101,0.17961878277048188,-2.5947881637094703
TAC031,initial,21,110,0.2173681510073932,-2.55818311061501
TAC031,initial,21,111,0.2597844741861511,-2.5134546258761405
TAC031,initial,41,000,0.013028758742344411,-3.4268043042826877
TAC031,initial,41,001,0.03863828767701497,-3.03286691633254
TAC031,initial,41,010,0.062336871216005646,-2.960022633974188
TAC031,initial,41,011,0.10608276161975895,-2.71603823101037
TAC031,initial,41,100,0.12392833739850669,-2.783697867455156
TAC031,initial,41,101,0.1788240514140235,-2.5993205291546233
TAC031,initial,41,110,0.21674353632468052,-2.561158784075311
TAC031,initial,41,111,0.26041739560766547,-2.511119259525754
TAC031,initial,61,000,0.01302556883917935,-3.427097208033008
TAC031,initial,61,001,0.03861275318921233,-3.0335760327466255
TAC031,initial,61,010,0.062316750536837946,-2.960393497635836
TAC031,initial,61,011,0.10607426782772277,-2.7161663400496443
TAC031,initial,61,100,0.12395289762160423,-2.7835477444760968
TAC031,initial,61,101,0.1788315913055004,-2.5993264045342803
TAC031,initial,61,110,0.21676321147942215,-2.561116050229101
TAC031,initial,61,111,0.2604229592005208,-2.511145933851725
TAC031,initial,81,000,0.013023921854654345,-3.427228334074844
TAC031,initial,81,001,0.03861136966093438,-3.033616539873029
TAC031,initial,81,010,0.0623157927962115,-2.9604135422867244
TAC031,initial,81,011,0.10607347653116982,-2.716178475533877
TAC031,initial,81,100,0.12395400044089083,-2.78354352305337
TAC031,initial,81,101,0.17883286608439236,-2.5993239518045503
TAC031,initial,81,110,0.2167642187233322,-2.5611160791136474
TAC031,initial,81,111,0.2604243539084148,-2.511145253938406
TAC031,initial,121,000,0.0130238307197679,-3.427235683688477
TAC031,initial,121,001,0.03861123196796654,-3.0336204580939823
TAC031,initial,121,010,0.06231574900466845,-2.960414597112511
TAC031,initial,121,011,0.10607350375228218,-2.7161785709985162
TAC031,initial,121,100,0.1239540421249155,-2.7835435388568537
TAC031,initial,121,101,0.17883291895607822,-2.599324008245665
TAC031,initial,121,110,0.21676428507331286,-2.5611161251104964
TAC031,initial,121,111,0.2604244384010081,-2.5111452815861437
TAC031,initial,161,000,0.013023832931770023,-3.427235512756273
TAC031,initial,161,001,0.03861122970823497,-3.03362051552967
TAC031,initial,161,010,0.062315749749231514,-2.960414584074726
TAC031,initial,161,011,0.10607350406419579,-2.7161785669684213
TAC031,initial,161,100,0.1239540417782374,-2.783543540564129
TAC031,initial,161,101,0.17883291885063876,-2.5993240077457096
TAC031,initial,161,110,0.21676428483046117,-2.561116125141293
TAC031,initial,161,111,0.2604244380872303,-2.5111452817014626
TAC031,initial,241,000,0.013023833039308558,-3.4272355043958753
TAC031,initial,241,001,0.03861122967716635,-3.0336205162309815
TAC031,initial,241,010,0.06231574977327912,-2.9604145835854854
TAC031,initial,241,011,0.10607350404278408,-2.7161785670669376
TAC031,initial,241,100,0.12395404176768453,-2.783543540545923
TAC031,initial,241,101,0.17883291883118346,-2.599324007751158
TAC031,initial,241,110,0.21676428480839738,-2.5611161251397383
TAC031,initial,241,111,0.2604244380601962,-2.5111452817019284
TAC032,initial,21,00,0.09764222707196717,-5.477790777117952
TAC032,initial,21,01,0.1929116441070078,-4.796868549868014
TAC032,initial,21,10,0.25054366220811075,-4.535467625826575
TAC032,initial,21,11,0.45890246661291423,-3.93026313495323
TAC032,initial,41,00,0.09547798267699305,-5.5002758110123695
TAC032,initial,41,01,0.19514715102999394,-4.785417589386549
TAC032,initial,41,10,0.25257677181739124,-4.527456234729813
TAC032,initial,41,11,0.456798094475622,-3.93492999716399
TAC032,initial,61,00,0.0954041794359584,-5.501076148508261
TAC032,initial,61,01,0.1952049329007893,-4.785148590936303
TAC032,initial,61,10,0.2525549577118854,-4.527569656267481
TAC032,initial,61,11,0.4568359299513672,-3.9348742245950965
TAC032,initial,81,00,0.09540377753549124,-5.501082008908157
TAC032,initial,81,01,0.19520286568280354,-4.785160828763251
TAC032,initial,81,10,0.25255649155360055,-4.527565230769568
TAC032,initial,81,11,0.45683686522810485,-3.934873825087189
TAC032,initial,121,00,0.09540390127926687,-5.501080601213588
TAC032,initial,121,01,0.19520289258081294,-4.785160580325901
TAC032,initial,121,10,0.2525564111280196,-4.527565438573323
TAC032,initial,121,11,0.4568367950119009,-3.934873868145824
TAC032,initial,161,00,0.09540389955913364,-5.50108062181767
TAC032,initial,161,01,0.19520289232553836,-4.785160584207714
TAC032,initial,161,10,0.25255641199334283,-4.527565437721138
TAC032,initial,161,11,0.45683679612198475,-3.9348738682899613
TAC032,initial,241,00,0.09540389954276923,-5.501080622005036
TAC032,initial,241,01,0.19520289233060126,-4.785160584197615
TAC032,initial,241,10,0.2525564119976439,-4.527565437719946
TAC032,initial,241,11,0.45683679612898603,-3.9348738682904743
TAC033,initial,21,00,0.27520390268830336,-2.706617915605933
TAC033,initial,21,01,0.2740014534294971,-2.710996791983523
TAC033,initial,21,10,0.2570686733470405,-2.7747869421770623
TAC033,initial,21,11,0.19372597053515908,-3.0576855653471178
TAC033,initial,41,00,0.2765131392129208,-2.7032505623887237
TAC033,initial,41,01,0.2720592983366491,-2.719488850853285
TAC033,initial,41,10,0.2577449038540313,-2.773538550940219
TAC033,initial,41,11,0.19368265859639874,-3.0592878626966873
TAC033,initial,61,00,0.27662891637938275,-2.7026160724991537
TAC033,initial,61,01,0.27205526795408075,-2.7192877918273144
TAC033,initial,61,10,0.2576791810679485,-2.7735777015696357
TAC033,initial,61,11,0.1936366345985876,-3.059309643250915
TAC033,initial,81,00,0.2766193782827404,-2.702666354277957
TAC033,initial,81,01,0.27205799934091907,-2.7192935534859446
TAC033,initial,81,10,0.25768303580035307,-2.7735785436880502
TAC033,initial,81,11,0.1936395865759872,-3.0593101998663492
TAC033,initial,121,00,0.2766193826665747,-2.702666219240243
TAC033,initial,121,01,0.2720580303156992,-2.7192933204425387
TAC033,initial,121,10,0.2576830251029121,-2.773578466012181
TAC033,initial,121,11,0.1936395619148138,-3.0593102080325885
TAC033,initial,161,00,0.2766193727094178,-2.702666267550821
TAC033,initial,161,01,0.2720580346550298,-2.7192933168072217
TAC033,initial,161,10,0.257683028327301,-2.773578465813877
TAC033,initial,161,11,0.19363956430825127,-3.0593102079870187
TAC033,initial,241,00,0.2766193730562735,-2.702666265762759
TAC033,initial,241,01,0.2720580345491463,-2.7192933166622653
TAC033,initial,241,10,0.25768302818970457,-2.773578465813701
TAC033,initial,241,11,0.19363956420487538,-3.0593102079867247
TAC034,initial,21,00,0.18837703890749102,-3.017738482864103
TAC034,initial,21,01,0.21942521247042238,-2.865172506631888
TAC034,initial,21,10,0.2875497249974789,-2.594788161619924
TAC034,initial,21,11,0.3046480236246078,-2.53702687410542
TAC034,initial,41,00,0.18584835183458812,-3.0328669068028438
TAC034,initial,41,01,0.2221820661358844,-2.8543007717618982
TAC034,initial,41,10,0.2867117650634892,-2.59932052705573
TAC034,initial,41,11,0.3052578169660383,-2.5366412141813233
TAC034,initial,61,00,0.18572585683712928,-3.033576023210842
TAC034,initial,61,01,0.22226967002808865,-2.8539563471691456
TAC034,initial,61,10,0.28672435516317735,-2.599326402435376
TAC034,initial,61,11,0.30528011797160476,-2.536617947013065
TAC034,initial,81,00,0.18571873401175332,-3.0336165303368805
TAC034,initial,81,01,0.2222751932339367,-2.8539336534622515
TAC034,initial,81,10,0.28672567634466856,-2.599323949705651
TAC034,initial,81,11,0.3052803964096417,-2.536619190044576
TAC034,initial,121,00,0.18571807640057614,-3.033620448557797
TAC034,initial,121,01,0.2222756266183575,-2.8539320810152216
TAC034,initial,121,10,0.286725768347809,-2.5993240061467655
TAC034,initial,121,11,0.3052805286332572,-2.5366191342390003
TAC034,initial,161,00,0.18571806816834288,-3.0336205059934844
TAC034,initial,161,01,0.22227562696017733,-2.853932092586583
TAC034,initial,161,10,0.28672577224989904,-2.5993240056468108
TAC034,initial,161,11,0.30528053262158106,-2.5366191342837263
TAC034,initial,241,00,0.18571806807286853,-3.033620506694796
TAC034,initial,241,01,0.22227562694694009,-2.8539320928333654
TAC034,initial,241,10,0.2867257723020203,-2.599324005652259
TAC034,initial,241,11,0.3052805326781709,-2.5366191342855853
TAC035,initial,21,00,0.17694750482000438,-3.017738482864103
TAC035,initial,21,01,0.23851068286155544,-2.719177487313067
TAC035,initial,21,10,0.2941471579924004,-2.5095114090099413
TAC035,initial,21,11,0.29039465432603967,-2.5223507136976573
TAC035,initial,41,00,0.17458993116747817,-3.0328669068028438
TAC035,initial,41,01,0.2396713602894927,-2.7160382277241806
TAC035,initial,41,10,0.2952057318070794,-2.507634371318612
TAC035,initial,41,11,0.2905329767359497,-2.523589793534358
TAC035,initial,61,00,0.17449382753311393,-3.033576023210842
TAC035,initial,61,01,0.23967864697013383,-2.7161663367630275
TAC035,initial,61,10,0.29524724157807714,-2.5076522795560856
TAC035,initial,61,11,0.29058028391867524,-2.5235854892061593
TAC035,initial,81,00,0.17448847817267102,-3.0336165303368805
TAC035,initial,81,01,0.23967809923957922,-2.71617847224722
TAC035,initial,81,10,0.2952502355489043,-2.507651989263746
TAC035,initial,81,11,0.29058318703884556,-2.523585348699202
TAC035,initial,121,00,0.1744879183179073,-3.033620448557797
TAC035,initial,121,01,0.2396782464505176,-2.7161785677118595
TAC035,initial,121,10,0.2952504440965144,-2.507651992589264
TAC035,initial,121,11,0.2905833911350608,-2.523585355999012
TAC035,initial,161,00,0.17448790987454216,-3.0336205059934844
TAC035,initial,161,01,0.2396782495846425,-2.716178563681764
TAC035,initial,161,10,0.295250446781468,-2.5076519925417364
TAC035,initial,161,11,0.29058339375934705,-2.523585356014206
TAC035,initial,241,00,0.17448790977762874,-3.033620506694796
TAC035,initial,241,01,0.239678249595998,-2.716178563780281
TAC035,initial,241,10,0.29525044682464946,-2.507651992541377
TAC035,initial,241,11,0.2905833938017238,-2.523585356014267
TAC036,initial,21,00,0.1814815125818473,-3.017738482864103
TAC036,initial,21,01,0.24192035361567965,-2.730283717632715
TAC036,initial,21,10,0.27702399049102744,-2.594788161619924
TAC036,initial,21,11,0.299574143311446,-2.516530328443075
TAC036,initial,41,00,0.17913841499356237,-3.0328669068028438
TAC036,initial,41,01,0.24351972050881612,-2.7258277549871064
TAC036,initial,41,10,0.27636021867545724,-2.59932052705573
TAC036,initial,41,11,0.3009816458221642,-2.5139763963916204
TAC036,initial,61,00,0.17904008309493222,-3.033576023210842
TAC036,initial,61,01,0.24353688695787884,-2.7259173143584143
TAC036,initial,61,10,0.2764028296758596,-2.599326402435376
TAC036,initial,61,11,0.30102020027132914,-2.5140083588550937
TAC036,initial,81,00,0.1790345432127305,-3.0336165303368805
TAC036,initial,81,01,0.2435359665654722,-2.725930658152208
TAC036,initial,81,10,0.2764061512958636,-2.599323949705651
TAC036,initial,81,11,0.30102333892593364,-2.514007496698808
TAC036,initial,121,00,0.17903398846431276,-3.033620448557797
TAC036,initial,121,01,0.24353607416639575,-2.725931035985556
TAC036,initial,121,10,0.27640636225458776,-2.5993240061467655
TAC036,initial,121,11,0.30102357511470373,-2.5140075317405546
TAC036,initial,161,00,0.17903397969250756,-3.0336205059934844
TAC036,initial,161,01,0.24353607796238677,-2.725931028839071
TAC036,initial,161,10,0.27640636472578384,-2.5993240056468108
TAC036,initial,161,11,0.3010235776193217,-2.514007531860707
TAC036,initial,241,00,0.1790339795958912,-3.033620506694796
TAC036,initial,241,01,0.24353607796717594,-2.7259310289810634
TAC036,initial,241,10,0.2764063647689611,-2.599324005652259
TAC036,initial,241,11,0.3010235776679715,-2.5140075318607495
TAC037,initial,21,00,0.18012678004265142,-3.017738482864103
TAC037,initial,21,01,0.24570957971824056,-2.7072491511388272
TAC037,initial,21,10,0.2749560475434678,-2.594788161619924
TAC037,initial,21,11,0.2992075926956401,-2.5102617969632273
TAC037,initial,41,00,0.17793745777862788,-3.0328669068028438
TAC037,initial,41,01,0.24685827968648688,-2.70548462904949
TAC037,initial,41,10,0.2745074792808886,-2.59932052705573
TAC037,initial,41,11,0.30069678325399646,-2.508196642147557
TAC037,initial,61,00,0.17784206311603684,-3.033576023210842
TAC037,initial,61,01,0.24686198820677985,-2.7056424654983386
TAC037,initial,61,10,0.27455332141798355,-2.599326402435376
TAC037,initial,61,11,0.30074262725920003,-2.5082170537289343
TAC037,initial,81,00,0.17783644143775504,-3.0336165303368805
TAC037,initial,81,01,0.24686167917866272,-2.7056526134411625
TAC037,initial,81,10,0.2745564372991171,-2.599323949705651
TAC037,initial,81,11,0.3007454420844651,-2.508216590307387
TAC037,initial,121,00,0.17783586574028423,-3.033620448557797
TAC037,initial,121,01,0.24686188408292156,-2.70565246439042
TAC037,initial,121,10,0.27455660877188914,-2.5993240061467655
TAC037,initial,121,11,0.300745641404905,-2.5082166085385924
TAC037,initial,161,00,0.17783585728006937,-3.0336205059934844
TAC037,initial,161,01,0.24686188675881243,-2.705652463413315
TAC037,initial,161,10,0.27455661161697564,-2.5993240056468108
TAC037,initial,161,11,0.30074564434414286,-2.5082166086279454
TAC037,initial,241,00,0.1778358571798078,-3.033620506694796
TAC037,initial,241,01,0.2468618867816437,-2.7056524634583523
TAC037,initial,241,10,0.27455661165323786,-2.599324005652259
TAC037,initial,241,11,0.3007456443853105,-2.508216608628584
TAC038,initial,21,00,0.1833984845107407,-3.017738482864103
TAC038,initial,21,01,0.24720607290239652,-2.719177487313067
TAC038,initial,21,10,0.2696820599865138,-2.6321560698226056
TAC038,initial,21,11,0.29971338260034897,-2.5265731527052737
TAC038,initial,41,00,0.18104283383692177,-3.0328669068028438
TAC038,initial,41,01,0.24852969450303716,-2.7160382277241806
TAC038,initial,41,10,0.26911648443866915,-2.6364562475784803
TAC038,initial,41,11,0.3013109872213719,-2.5234576495808803
TAC038,initial,61,00,0.18095076870737783,-3.033576023210842
TAC038,initial,61,01,0.24854767658620794,-2.7161663367630275
TAC038,initial,61,10,0.2691438057298619,-2.636555190838394
TAC038,initial,61,11,0.3013577489765522,-2.523502927580833
TAC038,initial,81,00,0.18094511407764852,-3.0336165303368805
TAC038,initial,81,01,0.24854696116899347,-2.71617847224722
TAC038,initial,81,10,0.269147013353482,-2.636552530119038
TAC038,initial,81,11,0.30136091139987575,-2.5235016908082786
TAC038,initial,121,00,0.18094453177329745,-3.033620448557797
TAC038,initial,121,01,0.2485471114465298,-2.7161785677118595
TAC038,initial,121,10,0.26914724711549026,-2.6365523616791053
TAC038,initial,121,11,0.3013611096646827,-2.523501732999048
TAC038,initial,161,00,0.18094452311463582,-3.0336205059934844
TAC038,initial,161,01,0.2485471148300532,-2.716178563681764
TAC038,initial,161,10,0.26914724948991375,-2.636552362440194
TAC038,initial,161,11,0.301361112565397,-2.5235017329567833
TAC038,initial,241,00,0.18094452301469383,-3.033620506694796
TAC038,initial,241,01,0.2485471148425947,-2.716178563780281
TAC038,initial,241,10,0.2691472495316506,-2.6365523624340987
TAC038,initial,241,11,0.301361112611061,-2.5235017329542333
TAC039,initial,21,00,0.17752682756870852,-3.017738482864103
TAC039,initial,21,01,0.23929156227848317,-2.719177487313067
TAC039,initial,21,10,0.2853123049491348,-2.543275834441391
TAC039,initial,21,11,0.2978693052036735,-2.500205404429009
TAC039,initial,41,00,0.17526840441426197,-3.0328669068028438
TAC039,initial,41,01,0.240602746222744,-2.7160382277241806
TAC039,initial,41,10,0.2854781279120224,-2.5450200288630955
TAC039,initial,41,11,0.2986507214509717,-2.4999107103765845
TAC039,initial,61,00,0.17516924546553855,-3.033576023210842
TAC039,initial,61,01,0.2406063775292688,-2.7161663367630275
TAC039,initial,61,10,0.28552890202661835,-2.5449853897337222
TAC039,initial,61,11,0.29869547497857435,-2.499904070667321
TAC039,initial,81,00,0.1751639369767516,-3.0336165303368805
TAC039,initial,81,01,0.2406059122618033,-2.71617847224722
TAC039,initial,81,10,0.2855316977524699,-2.5449858001416916
TAC039,initial,81,11,0.2986984530089749,-2.4999043023483645
TAC039,initial,121,00,0.1751633751429278,-3.033620448557797
TAC039,initial,121,01,0.24060606030109596,-2.7161785677118595
TAC039,initial,121,10,0.2855318967333253,-2.5449858140050807
TAC039,initial,121,11,0.29869866782265125,-2.499904293924428
TAC039,initial,161,00,0.17516336667704163,-3.0336205059934844
TAC039,initial,161,01,0.24060606346131463,-2.716178563681764
TAC039,initial,161,10,0.285531899312838,-2.544985814075334
TAC039,initial,161,11,0.298698670548806,-2.49990429390197
TAC039,initial,241,00,0.17516336657982423,-3.033620506694796
TAC039,initial,241,01,0.24060606347281188,-2.716178563780281
TAC039,initial,241,10,0.28553189935482975,-2.54498581407457
TAC039,initial,241,11,0.2986986705925341,-2.499904293901876
TAC040,initial,21,00,0.17854259175273388,-3.0184196565557997
TAC040,initial,21,01,0.2439307013697376,-2.7063626643971066
TAC040,initial,21,10,0.27685244050149393,-2.579762180093416
TAC040,initial,21,11,0.30067426637603445,-2.4972193313015327
TAC040,initial,41,00,0.1763956796034128,-3.032666201822657
TAC040,initial,41,01,0.24529249804593162,-2.702944485026882
TAC040,initial,41,10,0.2763275585552283,-2.583808884672549
TAC040,initial,41,11,0.30198426379542737,-2.4950209436716544
TAC040,initial,61,00,0.1763233140602657,-3.0332052455519647
TAC040,initial,61,01,0.24529994168911212,-2.7030428535018567
TAC040,initial,61,10,0.27636115556487306,-2.5838160220665904
TAC040,initial,61,11,0.30201558868574935,-2.495045932846294
TAC040,initial,81,00,0.17631946801375045,-3.0332338860702692
TAC040,initial,81,01,0.24529904473906664,-2.7030533378657537
TAC040,initial,81,10,0.2763636445545891,-2.583813843626661
TAC040,initial,81,11,0.3020178426925939,-2.4950452974737067
TAC040,initial,121,00,0.17631907404561561,-3.033236658649363
TAC040,initial,121,01,0.24529914887633417,-2.7030534515110296
TAC040,initial,121,10,0.27636377965090103,-2.5838138929685335
TAC040,initial,121,11,0.30201799742714946,-2.495045323315107
TAC040,initial,161,00,0.1763190675359474,-3.0332367022890585
TAC040,initial,161,01,0.2452991514092628,-2.7030534479050297
TAC040,initial,161,10,0.27636378163093195,-2.583813892523828
TAC040,initial,161,11,0.3020179994238577,-2.4950453234237604
TAC040,initial,241,00,0.17631906744880843,-3.033236702916222
TAC040,initial,241,01,0.2452991514209818,-2.7030534479902064
TAC040,initial,241,10,0.2763637816663342,-2.5838138925286787
TAC040,initial,241,11,0.3020179994638757,-2.49504532342421
TAC041,initial,21,00,0.18084011607407682,-3.0175626930675765
TAC041,initial,21,01,0.243742488006527,-2.7190637063861103
TAC041,initial,21,10,0.27602051017443324,-2.594700822172067
TAC041,initial,21,11,0.29939688574496276,-2.513405927076408
TAC041,initial,41,00,0.17857225378415859,-3.0326813369620793
TAC041,initial,41,01,0.24512024654319084,-2.715925747025904
TAC041,initial,41,10,0.27545986006924117,-2.599232719884062
TAC041,initial,41,11,0.3008476396034092,-2.5110706835071257
TAC041,initial,61,00,0.17847562927047977,-3.033390166006753
TAC041,initial,61,01,0.24512992429396532,-2.716053853983361
TAC041,initial,61,10,0.27550440996910347,-2.5992385915954532
TAC041,initial,61,11,0.3008900364664515,-2.5110973565610912
TAC041,initial,81,00,0.1784700654406438,-3.033430662264572
TAC041,initial,81,01,0.24512923491815003,-2.716065987875404
TAC041,initial,81,10,0.2755076538132756,-2.599236139064846
TAC041,initial,81,11,0.30089304582793064,-2.5110966766792204
TAC041,initial,121,00,0.17846949952570795,-3.033434579569528
TAC041,initial,121,01,0.24512939448910295,-2.716066083285347
TAC041,initial,121,10,0.2755078438963556,-2.5992361955038836
TAC041,initial,121,11,0.30089326208883377,-2.511096704325697
TAC041,initial,161,00,0.1784694909123681,-3.033434636988559
TAC041,initial,161,01,0.24512939772143041,-2.716066079255916
TAC041,initial,161,10,0.27550784655685195,-2.599236195003963
TAC041,initial,161,11,0.3008932648093494,-2.5110967044410106
TAC041,initial,241,00,0.17846949081419666,-3.0334346376895205
TAC041,initial,241,01,0.24512939773427114,-2.7160660793544205
TAC041,initial,241,10,0.2755078465969217,-2.599236195009411
TAC041,initial,241,11,0.30089326485461043,-2.5110967044414765
TAC042,initial,21,00,0.0,-28797.92320625965
TAC042,initial,21,01,1.3154617384300813e-33,-92.14587789677203
TAC042,initial,21,10,1.5904343327376093e-20,-62.0224522795597
TAC042,initial,21,11,1.0,-16.434757563851875
TAC042,initial,41,00,0.0,-28797.92320625965
TAC042,initial,41,01,1.3287054910361508e-33,-92.13585758307818
TAC042,initial,41,10,1.5868539129429253e-20,-62.02470314242892
TAC042,initial,41,11,1.0,-16.434754667519297
TAC042,initial,61,00,0.0,-28797.92320625965
TAC042,initial,61,01,1.3287056628917539e-33,-92.13585745350125
TAC042,initial,61,10,1.58639139309438e-20,-62.02499465438735
TAC042,initial,61,11,1.0,-16.43475466728298
TAC042,initial,81,00,0.0,-28797.92320625965
TAC042,initial,81,01,1.3287056628873355e-33,-92.13585745350481
TAC042,initial,81,10,1.586379867752931e-20,-62.02500191954508
TAC042,initial,81,11,1.0,-16.43475466728322
TAC042,initial,121,00,0.0,-28797.92320625965
TAC042,initial,121,01,1.3287056628873166e-33,-92.13585745350483
TAC042,initial,121,10,1.5863792995744172e-20,-62.02500227770559
TAC042,initial,121,11,1.0,-16.43475466728322
TAC042,initial,161,00,0.0,-28797.92320625965
TAC042,initial,161,01,1.3287056628872978e-33,-92.13585745350484
TAC042,initial,161,10,1.586379299900085e-20,-62.0250022775003
TAC042,initial,161,11,1.0,-16.43475466728322
TAC042,initial,241,00,0.0,-28797.92320625965
TAC042,initial,241,01,1.3287056628872978e-33,-92.13585745350484
TAC042,initial,241,10,1.5863792998992057e-20,-62.02500227750085
TAC042,initial,241,11,1.0,-16.434754667283222
TAC043,initial,21,00,0.25614465216830967,-2.705376042058729
TAC043,initial,21,01,0.258213529916615,-2.697331496535441
TAC043,initial,21,10,0.25770209575075276,-2.6993141243449013
TAC043,initial,21,11,0.22793972216432276,-2.822037156962953
TAC043,initial,41,00,0.259294118803144,-2.692396778713611
TAC043,initial,41,01,0.25654327199755633,-2.7030624378215875
TAC043,initial,41,10,0.2556194706855388,-2.7066698939556284
TAC043,initial,41,11,0.22854313851376118,-2.818634807438482
TAC043,initial,61,00,0.25925169837414214,-2.6924642168409956
TAC043,initial,61,01,0.25659220838813385,-2.702775528130631
TAC043,initial,61,10,0.25564034613909525,-2.7064920562437513
TAC043,initial,61,11,0.22851574709862907,-2.8186584919826405
TAC043,initial,81,00,0.2592472832820419,-2.692496055217812
TAC043,initial,81,01,0.2565917419372797,-2.7027921540948197
TAC043,initial,81,10,0.25564272223377943,-2.7064975697032003
TAC043,initial,81,11,0.22851825254689903,-2.818662336129848
TAC043,initial,121,00,0.2592479231199044,-2.6924921861239404
TAC043,initial,121,01,0.25659167450497306,-2.7027910158579727
TAC043,initial,121,10,0.2556424275407854,-2.7064973214203043
TAC043,initial,121,11,0.22851797483433708,-2.818662150368904
TAC043,initial,161,00,0.2592479156296722,-2.6924922213556686
TAC043,initial,161,01,0.25659167830050655,-2.702791007405427
TAC043,initial,161,10,0.2556424299246772,-2.7064973184347716
TAC043,initial,161,11,0.22851797614514413,-2.8186621509723513
TAC043,initial,241,00,0.25924791561778765,-2.6924922214232674
TAC043,initial,241,01,0.2565916782842081,-2.702791007490702
TAC043,initial,241,10,0.25564242995218706,-2.706497318348917
TAC043,initial,241,11,0.22851797614581737,-2.818662150991161
TAC044,initial,21,00,0.25226165061775263,-2.7451735935505357
TAC044,initial,21,01,0.31462324013052373,-2.5242645786139524
TAC044,initial,21,10,0.2643340170919065,-2.6984269188156618
TAC044,initial,21,11,0.1687810921598168,-3.147037875890904
TAC044,initial,41,00,0.25323719253400007,-2.7387992369828686
TAC044,initial,41,01,0.3147412940429931,-2.5213747937794744
TAC044,initial,41,10,0.2636647315143604,-2.698447466726993
TAC044,initial,41,11,0.16835678190864647,-3.1470403770369995
TAC044,initial,61,00,0.253239122220916,-2.738805629447352
TAC044,initial,61,01,0.3147332942498746,-2.521414223658344
TAC044,initial,61,10,0.2636684430735054,-2.698447402525465
TAC044,initial,61,11,0.16835914045570374,-3.1470403804284426
TAC044,initial,81,00,0.2532367654181422,-2.7388176727945552
TAC044,initial,81,01,0.31473446887792805,-2.5214132282014634
TAC044,initial,81,10,0.2636691645053162,-2.698447403070701
TAC044,initial,81,11,0.1683596011986135,-3.147040380439199
TAC044,initial,121,00,0.2532366273727775,-2.738818415437745
TAC044,initial,121,01,0.31473452158722726,-2.5214132582485296
TAC044,initial,121,10,0.2636692165871133,-2.698447403062985
TAC044,initial,121,11,0.1683596344528822,-3.1470403804392624
TAC044,initial,161,00,0.25323662908384215,-2.738818406359769
TAC044,initial,161,01,0.31473452087898335,-2.521413258177625
TAC044,initial,161,10,0.2636692159750875,-2.698447403062979
TAC044,initial,161,11,0.168359634062087,-3.147040380439261
TAC044,initial,241,00,0.253236629059375,-2.7388184064883263
TAC044,initial,241,01,0.31473452088965204,-2.5214132581756665
TAC044,initial,241,10,0.2636692159835086,-2.6984474030629797
TAC044,initial,241,11,0.16835963406746424,-3.1470403804392615
TAC045,initial,21,00,0.32176099685675347,-2.7715589591032295
TAC045,initial,21,01,0.40712946057835775,-2.5362367634369605
TAC045,initial,21,10,0.1760425758782679,-3.374642109078088
TAC045,initial,21,11,0.09506696668662071,-3.990786427503199
TAC045,initial,41,00,0.3234852477852486,-2.762354116166208
TAC045,initial,41,01,0.4064496924882595,-2.534047463554263
TAC045,initial,41,10,0.17536437290877913,-3.3746416869666107
TAC045,initial,41,11,0.09470068681771297,-3.9907863744383514
TAC045,initial,61,00,0.3235180947910626,-2.7622131911990464
TAC045,initial,61,01,0.40642748289462854,-2.534062718804236
TAC045,initial,61,10,0.17535746560283044,-3.3746416868982636
TAC045,initial,61,11,0.09469695671147832,-3.990786374437648
TAC045,initial,81,00,0.3235166816756046,-2.7622198240263645
TAC045,initial,81,01,0.40642828437584777,-2.5340630116444425
TAC045,initial,81,10,0.1753578627620863,-3.37464168689927
TAC045,initial,81,11,0.09469717118646138,-3.9907863744376546
TAC045,initial,121,00,0.3235164239063507,-2.7622209728110096
TAC045,initial,121,01,0.4064284470825681,-2.5340629633230067
TAC045,initial,121,10,0.17535792449010668,-3.374641686899272
TAC045,initial,121,11,0.0946972045209744,-3.9907863744376546
TAC045,initial,161,00,0.32351642544326104,-2.7622209655711742
TAC045,initial,161,01,0.40642844621787755,-2.534062962961347
TAC045,initial,161,10,0.17535792405360684,-3.3746416868992712
TAC045,initial,161,11,0.09469720428525454,-3.990786374437655
TAC045,initial,241,00,0.32351642544500764,-2.762220965563911
TAC045,initial,241,01,0.4064284462166345,-2.5340629629625404
TAC045,initial,241,10,0.17535792405327985,-3.3746416868992712
TAC045,initial,241,11,0.09469720428507804,-3.990786374437654
TAC046,initial,21,00,0.26217545058556846,-2.8238912908296614
TAC046,initial,21,01,0.3406981510998079,-2.561908331309736
TAC046,initial,21,10,0.2435912531809699,-2.8974136004839224
TAC046,initial,21,11,0.15353514513365374,-3.3589757298472698
TAC046,initial,41,00,0.2647122389672433,-2.8116271433887507
TAC046,initial,41,01,0.3392060052178781,-2.563662880855696
TAC046,initial,41,10,0.24295115654678903,-2.8974100674069687
TAC046,initial,41,11,0.15313059926808953,-3.358979341399674
TAC046,initial,61,00,0.26477726009977987,-2.811254558284192
TAC046,initial,61,01,0.3391912778583994,-2.5635793131771027
TAC046,initial,61,10,0.2429203069800874,-2.897410068166241
TAC046,initial,61,11,0.15311115506173334,-3.358979341615542
TAC046,initial,81,00,0.26478017796310227,-2.8112408718796975
TAC046,initial,81,01,0.3391894159709132,-2.5635821359908557
TAC046,initial,81,10,0.24291965925884326,-2.897410068166225
TAC046,initial,81,11,0.15311074680714165,-3.358979341615066
TAC046,initial,121,00,0.26478013147533414,-2.811241087658983
TAC046,initial,121,01,0.3391894465350543,-2.5635820860895913
TAC046,initial,121,10,0.24291966902617926,-2.8974100681662245
TAC046,initial,121,11,0.15311075296343263,-3.358979341615066
TAC046,initial,161,00,0.26478012881005836,-2.811241101763479
TAC046,initial,161,01,0.33918944760096087,-2.5635820869855794
TAC046,initial,161,10,0.2429196700072106,-2.897410068166223
TAC046,initial,161,11,0.15311075358177045,-3.3589793416150653
TAC046,initial,241,00,0.2647801288573416,-2.8112411015187253
TAC046,initial,241,01,0.33918944757988617,-2.5635820869815333
TAC046,initial,241,10,0.2429196699911344,-2.897410068166224
TAC046,initial,241,11,0.15311075357163786,-3.3589793416150653
TAC047,initial,21,00,0.18696891432805088,-2.9212698104232597
TAC047,initial,21,01,0.250924951312372,-2.6270582842524313
TAC047,initial,21,10,0.2918374448805667,-2.4760152282784373
TAC047,initial,21,11,0.27026868947901006,-2.552795569532495
TAC047,initial,41,00,0.18780897382330863,-2.917497062888928
TAC047,initial,41,01,0.24951358613363298,-2.633409045307702
TAC047,initial,41,10,0.29223275897682144,-2.4753718079374845
TAC047,initial,41,11,0.2704446810662368,-2.552854841310501
TAC047,initial,61,00,0.1878059732754227,-2.917542823192883
TAC047,initial,61,01,0.24950106324266602,-2.6334890193634783
TAC047,initial,61,10,0.29224078449362934,-2.4753741291405498
TAC047,initial,61,11,0.27045217898828183,-2.552856900855838
TAC047,initial,81,00,0.18780615107067158,-2.9175397005295496
TAC047,initial,81,01,0.24950210801647452,-2.633482655952588
TAC047,initial,81,10,0.2922401546995879,-2.475374108227388
TAC047,initial,81,11,0.270451586213266,-2.552856916683259
TAC047,initial,121,00,0.18780636709335674,-2.917538268609026
TAC047,initial,121,01,0.2495020504669207,-2.63348260493188
TAC047,initial,121,10,0.29224007224588944,-2.4753741086927383
TAC047,initial,121,11,0.2704515101938334,-2.552856916088308
TAC047,initial,161,00,0.1878063717570681,-2.9175382378170855
TAC047,initial,161,01,0.24950204915712756,-2.6334826042221193
TAC047,initial,161,10,0.29224007050381595,-2.475374108694453
TAC047,initial,161,11,0.2704515085819883,-2.5528569160887495
TAC047,initial,241,00,0.187806371746453,-2.9175382378928103
TAC047,initial,241,01,0.24950204915694174,-2.6334826042420674
TAC047,initial,241,10,0.29224007050942447,-2.4753741086944645
TAC047,initial,241,11,0.270451508587181,-2.5528569160887518
TAC048,initial,21,00,0.15895752069833613,-3.45650637483157
TAC048,initial,21,01,0.24651057266207418,-3.0177384922505133
TAC048,initial,21,10,0.26225592774888995,-2.9558225254889328
TAC048,initial,21,11,0.33227597889070004,-2.719177490608704
TAC048,initial,41,00,0.16358015699027198,-3.4268043042826877
TAC048,initial,41,01,0.2425579170293274,-3.03286691633254
TAC048,initial,41,10,0.2608863305515908,-2.960022633974188
TAC048,initial,41,11,0.3329755954288098,-2.71603823101037
TAC048,initial,61,00,0.1635910186836741,-3.427097208033008
TAC048,initial,61,01,0.24247308145977683,-3.0335760327466255
TAC048,initial,61,10,0.2608833141248054,-2.960393497635836
TAC048,initial,61,11,0.33305258573174373,-2.7161663400496443
TAC048,initial,81,00,0.16357620080554647,-3.427228334074844
TAC048,initial,81,01,0.24247309019199467,-3.033616539873029
TAC048,initial,81,10,0.26088866189327137,-2.9604135422867244
TAC048,initial,81,11,0.3330620471091876,-2.716178475533877
TAC048,initial,121,00,0.1635754008635644,-3.427235683688477
TAC048,initial,121,01,0.24247273643574951,-3.0336204580939823
TAC048,initial,121,10,0.2608890282969313,-2.960414597112511
TAC048,initial,121,11,0.3330628344037547,-2.7161785709985162
TAC048,initial,161,00,0.163575425752348,-3.427235512756273
TAC048,initial,161,01,0.24247271795615233,-3.03362051552967
TAC048,initial,161,10,0.2608890267995265,-2.960414584074726
TAC048,initial,161,11,0.33306282949197286,-2.7161785669684213
TAC048,initial,241,00,0.16357542690850996,-3.4272355043958753
TAC048,initial,241,01,0.24247271747274818,-3.0336205162309815
TAC048,initial,241,10,0.2608890265900089,-2.9604145835854854
TAC048,initial,241,11,0.33306282902873297,-2.7161785670669376
TAC049,initial,21,00,0.09657615439412252,-6.444331312126079
TAC049,initial,21,01,0.20039432958621994,-5.714376100617773
TAC049,initial,21,10,0.3585254102063566,-5.132663637185654
TAC049,initial,21,11,0.3445041058133007,-5.172557165386678
TAC049,initial,41,00,0.10430361501684662,-6.3716461444300485
TAC049,initial,41,01,0.1929177515749033,-5.756688225202403
TAC049,initial,41,10,0.3544405617820064,-5.148411501470697
TAC049,initial,41,11,0.348338071626244,-5.165778687240273
TAC049,initial,61,00,0.10380513245732145,-6.377252580578866
TAC049,initial,61,01,0.19289489995276737,-5.757622514979085
TAC049,initial,61,10,0.3547266691767168,-5.148420448793498
TAC049,initial,61,11,0.34857329841319445,-5.1659194622095
TAC049,initial,81,00,0.10385441102305357,-6.376702449173825
TAC049,initial,81,01,0.19289004286226327,-5.75757217309202
TAC049,initial,81,10,0.35470660994068764,-5.148401476633745
TAC049,initial,81,11,0.34854893617399557,-5.16591383375879
TAC049,initial,121,00,0.10385714382194766,-6.37667097784663
TAC049,initial,121,01,0.19289114419369913,-5.757561305550404
TAC049,initial,121,10,0.35470467986992316,-5.148401760040091
TAC049,initial,121,11,0.34854703211443006,-5.165914138667686
TAC049,initial,161,00,0.10385698176425799,-6.376672678659989
TAC049,initial,161,01,0.19289120655836356,-5.7575611226568695
TAC049,initial,161,10,0.3547047311557161,-5.148401755874545
TAC049,initial,161,11,0.34854708052166217,-5.165914140206515
TAC049,initial,241,00,0.1038569833191607,-6.376672661271548
TAC049,initial,241,01,0.19289120672728652,-5.757561119364262
TAC049,initial,241,10,0.3547047302745903,-5.148401755941791
TAC049,initial,241,11,0.3485470796789629,-5.1659141402073985
TAC049,continuation,321,00,0.10385698332935352,-6.376672661162601
TAC049,continuation,321,01,0.19289120672467627,-5.757561119366991
TAC049,continuation,321,10,0.3547047302707591,-5.148401755941788
TAC049,continuation,321,11,0.3485470796752109,-5.165914140207359
TAC049,continuation,361,00,0.10385698332933802,-6.376672661162769
TAC049,continuation,361,01,0.1928912067246754,-5.757561119367014
TAC049,continuation,361,10,0.3547047302707682,-5.148401755941781
TAC049,continuation,361,11,0.34854707967521864,-5.165914140207356
TAC049,continuation,481,00,0.10385698332933525,-6.376672661162781
TAC049,continuation,481,01,0.19289120672467575,-5.757561119366997
TAC049,continuation,481,10,0.3547047302707701,-5.1484017559417605
TAC049,continuation,481,11,0.34854707967521925,-5.165914140207339
TAC049,continuation,641,00,0.10385698332933405,-6.376672661162781
TAC049,continuation,641,01,0.19289120672467439,-5.757561119366993
TAC049,continuation,641,10,0.3547047302707714,-5.148401755941745
TAC049,continuation,641,11,0.3485470796752199,-5.165914140207326
TAC050,initial,21,00,0.08996365907798712,-8.34721333968567
TAC050,initial,21,01,0.20777946881835183,-7.51014186927199
TAC050,initial,21,10,0.3593807528112874,-6.9622367212030305
TAC050,initial,21,11,0.34287611929237355,-7.009249926764062
TAC050,initial,41,00,0.11079232414524956,-8.140307572841612
TAC050,initial,41,01,0.1837920195562817,-7.634160278280168
TAC050,initial,41,10,0.3497208419104826,-6.990829826393412
TAC050,initial,41,11,0.35569481438798584,-6.973891967850722
TAC050,initial,61,00,0.1085650513556117,-8.16386392332496
TAC050,initial,61,01,0.1843315790624798,-7.6344772723419405
TAC050,initial,61,10,0.3501460817781291,-6.992863024395753
TAC050,initial,61,11,0.35695728780377944,-6.973597335695064
TAC050,initial,81,00,0.10899409347222137,-8.159238712296302
TAC050,initial,81,01,0.18447637372447726,-7.633011005142101
TAC050,initial,81,10,0.3498475865273089,-6.993034812153651
TAC050,initial,81,11,0.35668194627599276,-6.973687926832579
TAC050,initial,121,00,0.10896015970769117,-8.159545771874955
TAC050,initial,121,01,0.18451763348459238,-7.632783046665276
TAC050,initial,121,10,0.3498412912901422,-6.993048481835534
TAC050,initial,121,11,0.35668091551757425,-6.973686491982014
TAC050,initial,161,00,0.10896059795732674,-8.159541146182312
TAC050,initial,161,01,0.18451761293789404,-7.632782554427095
TAC050,initial,161,10,0.34984109647141093,-6.9930484351213895
TAC050,initial,161,11,0.35668069263336794,-6.973686513274472
TAC050,initial,241,00,0.10896073015435352,-8.159539814209886
TAC050,initial,241,01,0.18451756353725154,-7.632782703437906
TAC050,initial,241,10,0.34984105590163833,-6.993048432369855
TAC050,initial,241,11,0.3566806504067567,-6.973686512944363
TAC050,continuation,321,00,0.10896072945981644,-8.159539821511228
TAC050,continuation,321,01,0.18451756357734475,-7.632782704147766
TAC050,continuation,321,10,0.3498410562253332,-6.993048432371739
TAC050,continuation,321,11,0.35668065073750543,-6.973686512944212
TAC050,continuation,361,00,0.10896072946892738,-8.159539821417962
TAC050,continuation,361,01,0.18451756357504545,-7.632782704150578
TAC050,continuation,361,10,0.3498410562219612,-6.993048432371729
TAC050,continuation,361,11,0.3566806507340657,-6.973686512944207
TAC050,continuation,481,00,0.10896072946974998,-8.1595398214095
TAC050,continuation,481,01,0.18451756357485338,-7.6327827041507055
TAC050,continuation,481,10,0.34984105622164924,-6.993048432371707
TAC050,continuation,481,11,0.356680650733747,-6.973686512944188
TAC050,continuation,641,00,0.10896072946974591,-8.159539821409528
TAC050,continuation,641,01,0.18451756357485305,-7.6327827041506975
TAC050,continuation,641,10,0.34984105622165235,-6.9930484323716895
TAC050,continuation,641,11,0.3566806507337483,-6.973686512944176
TAC051,initial,21,00,0.10329998119368201,-12.83898040963862
TAC051,initial,21,01,0.2285535384815829,-12.044847116742547
TAC051,initial,21,10,0.3825454491791014,-11.529770136117682
TAC051,initial,21,11,0.28560103114563395,-11.82202176279603
TAC051,initial,41,00,0.09745409518835382,-12.957735665037642
TAC051,initial,41,01,0.19115403481346813,-12.284037545570138
TAC051,initial,41,10,0.3669926864008904,-11.631775193797553
TAC051,initial,41,11,0.34439918359728816,-11.695315711547115
TAC051,initial,61,00,0.10685778154377629,-12.848752199022076
TAC051,initial,61,01,0.20001149874695215,-12.221876146307231
TAC051,initial,61,10,0.3561524109868804,-11.644892244953173
TAC051,initial,61,11,0.33697830872239176,-11.70023244246546
TAC051,initial,81,00,0.10482108642534933,-12.871974835184142
TAC051,initial,81,01,0.20021192973862867,-12.224853338970755
TAC051,initial,81,10,0.35693760644825245,-11.64666879852893
TAC051,initial,81,11,0.33802937738776956,-11.701096986126025
TAC051,initial,121,00,0.10517222332629127,-12.868869964546578
TAC051,initial,121,01,0.1997404994754992,-12.227450171723827
TAC051,initial,121,10,0.3569433218413873,-11.646892186337494
TAC051,initial,121,11,0.33814395535682207,-11.700997484929552
TAC051,initial,161,00,0.10511343715593299,-12.869467103011033
TAC051,initial,161,01,0.19977280027299046,-12.227326501694867
TAC051,initial,161,10,0.35695762648474444,-11.646890142457337
TAC051,initial,161,11,0.3381561360863322,-11.700999493967418
TAC051,initial,241,00,0.10511842030205007,-12.869412717412189
TAC051,initial,241,01,0.19977258842075743,-12.227320582756516
TAC051,initial,241,10,0.35695519855876645,-11.646889964796125
TAC051,initial,241,11,0.3381537927184258,-11.700999444426628
TAC051,continuation,321,00,0.10511843580972705,-12.869412572252555
TAC051,continuation,321,01,0.1997725713505079,-12.227320670571062
TAC051,continuation,321,10,0.35695519930282044,-11.646889965077815
TAC051,continuation,321,11,0.33815379353694364,-11.700999444372215
TAC051,continuation,361,00,0.10511843479763613,-12.869412583005904
TAC051,continuation,361,01,0.19977257158012662,-12.22732067054691
TAC051,continuation,361,10,0.3569551997047579,-11.646889965077046
TAC051,continuation,361,11,0.3381537939174792,-11.70099944437213
TAC051,continuation,481,00,0.1051184346865943,-12.86941258416862
TAC051,continuation,481,01,0.19977257161723724,-12.227320670467511
TAC051,continuation,481,10,0.35695519974271583,-11.646889965077074
TAC051,continuation,481,11,0.33815379395345224,-11.700999444372115
TAC051,continuation,641,00,0.10511843468604065,-12.869412584174412
TAC051,continuation,641,01,0.1997725716174136,-12.227320670467154
TAC051,continuation,641,10,0.35695519974291495,-11.646889965077042
TAC051,continuation,641,11,0.3381537939536312,-11.700999444372112
TAC052,initial,21,00,0.3761996491741966,-2.1722725690321534
TAC052,initial,21,01,0.2771524561622002,-2.4778248153082716
TAC052,initial,21,10,0.22107478719128987,-2.7038915054946644
TAC052,initial,21,11,0.12557310747231343,-3.26950443472017
TAC052,initial,41,00,0.373077582855134,-2.1873359873670206
TAC052,initial,41,01,0.2781825718769884,-2.4808447508070186
TAC052,initial,41,10,0.22242597306476297,-2.7045280413924373
TAC052,initial,41,11,0.12631387220311469,-3.270352523650733
TAC052,initial,61,00,0.37309041556326594,-2.187301308863587
TAC052,initial,61,01,0.2781620352516879,-2.4809182955959916
TAC052,initial,61,10,0.22243278552249662,-2.7044971316776145
TAC052,initial,61,11,0.12631476366254962,-3.2703451839751314
TAC052,initial,81,00,0.3730948819173657,-2.1872785928825325
TAC052,initial,81,01,0.2781610500801178,-2.4809110925056905
TAC052,initial,81,10,0.22243060835566464,-2.704496174886941
TAC052,initial,81,11,0.1263134596468517,-3.270344762754994
TAC052,initial,121,00,0.3730942088951481,-2.187281163921535
TAC052,initial,121,01,0.27816145039754,-2.480910420496858
TAC052,initial,121,10,0.22243078289614893,-2.7044961573380406
TAC052,initial,121,11,0.12631355781116288,-3.2703447527539633
TAC052,initial,161,00,0.373094205393911,-2.187281178496586
TAC052,initial,161,01,0.27816145212903254,-2.480910419462809
TAC052,initial,161,10,0.22243078400247637,-2.7044961575549618
TAC052,initial,161,11,0.12631355847457995,-3.2703447526925453
TAC052,initial,241,00,0.3730942058293323,-2.187281176708286
TAC052,initial,241,01,0.2781614519099484,-2.4809104196291787
TAC052,initial,241,10,0.22243078386456977,-2.704496157553714
TAC052,initial,241,11,0.1263135583961497,-3.2703447526922167
TAC053,initial,21,00,0.2152595514970721,-2.6246789676325917
TAC053,initial,21,01,0.25942828112778465,-2.4380431928216044
TAC053,initial,21,10,0.2719547886656492,-2.3908876495868383
TAC053,initial,21,11,0.25335737870949393,-2.4617224278595122
TAC053,initial,41,00,0.21707525669001726,-2.612617656833549
TAC053,initial,41,01,0.25881126426455003,-2.4367626686156654
TAC053,initial,41,10,0.27191306111469177,-2.3873793683249778
TAC053,initial,41,11,0.25220041793074116,-2.4626376746045904
TAC053,initial,61,00,0.217103151670526,-2.612425517018514
TAC053,initial,61,01,0.2588384052100537,-2.436594162061034
TAC053,initial,61,10,0.2718806107285689,-2.3874350721422144
TAC053,initial,61,11,0.25217783239085145,-2.462663588210607
TAC053,initial,81,00,0.21709965594323863,-2.6124495342716507
TAC053,initial,81,01,0.2588371486368899,-2.436606932170722
TAC053,initial,81,10,0.27188328583836724,-2.387433148344514
TAC053,initial,81,11,0.25217990958150416,-2.462663266672361
TAC053,initial,121,00,0.217098843246988,-2.612454164020149
TAC053,initial,121,01,0.258837519812719,-2.436606384475402
TAC053,initial,121,10,0.27188350096681546,-2.387433243408516
TAC053,initial,121,11,0.2521801359734776,-2.462663255249463
TAC053,initial,161,00,0.21709884794468123,-2.612454139038136
TAC053,initial,161,01,0.2588375169416393,-2.4366063922240975
TAC053,initial,161,10,0.27188349995656674,-2.387433243780744
TAC053,initial,161,11,0.2521801351571126,-2.4626632551431786
TAC053,initial,241,00,0.21709884811113372,-2.6124541380381285
TAC053,initial,241,01,0.25883751689682977,-2.4366063921639207
TAC053,initial,241,10,0.2718834998935726,-2.387433243779144
TAC053,initial,241,11,0.2521801350984638,-2.4626632551424503
TAC054,initial,21,00,0.12147618057647862,-4.545719149696648
TAC054,initial,21,01,0.2119463001056058,-3.989104407422808
TAC054,initial,21,10,0.26460858816212085,-3.7671856403149473
TAC054,initial,21,11,0.4019689311557946,-3.349062548669728
TAC054,initial,41,00,0.11981572775328966,-4.558809743431228
TAC054,initial,41,01,0.21365074608862836,-3.980422049721319
TAC054,initial,41,10,0.26590242755381827,-3.76163527613046
TAC054,initial,41,11,0.4006310986042634,-3.351723653627884
TAC054,initial,61,00,0.11981100459568517,-4.558934796158331
TAC054,initial,61,01,0.21360517031084714,-3.9807210233135817
TAC054,initial,61,10,0.26593454548545,-3.7616001267837627
TAC054,initial,61,11,0.4006492796080177,-3.351763905517446
TAC054,initial,81,00,0.11980901712986702,-4.558955102363084
TAC054,initial,81,01,0.2136055255062788,-3.9807230781812657
TAC054,initial,81,10,0.2659350179333988,-3.7616020679540876
TAC054,initial,81,11,0.40065043943045536,-3.3517647283904837
TAC054,initial,121,00,0.11980941548738465,-4.558951238325308
TAC054,initial,121,01,0.21360552979341227,-3.9807225190053295
TAC054,initial,121,10,0.26593483493095393,-3.7616022169959447
TAC054,initial,121,11,0.4006502197882493,-3.3517647374990935
TAC054,initial,161,00,0.11980941090326462,-4.558951280458545
TAC054,initial,161,01,0.2136055319407636,-3.980722512823915
TAC054,initial,161,10,0.2659348357593805,-3.7616022177522646
TAC054,initial,161,11,0.4006502213965914,-3.3517647373562314
TAC054,initial,241,00,0.11980941090515232,-4.558951280422951
TAC054,initial,241,01,0.21360553195374013,-3.9807225127433274
TAC054,initial,241,10,0.2659348357525918,-3.761602217757954
TAC054,initial,241,11,0.4006502213885159,-3.3517647373565493
TAC055,initial,21,00,0.04509518489591815,-7.094865210833243
TAC055,initial,21,01,0.09391995463327675,-6.361197813540974
TAC055,initial,21,10,0.45330163079334373,-4.787082931041714
TAC055,initial,21,11,0.4076832296774613,-4.8931502115829355
TAC055,initial,41,00,0.048183994474177136,-7.021549991937325
TAC055,initial,41,01,0.09300302296684566,-6.363944895352217
TAC055,initial,41,10,0.45573768854594854,-4.774659493415983
TAC055,initial,41,11,0.40307529401302833,-4.89745351472239
TAC055,initial,61,00,0.04805364846732984,-7.024735016102873
TAC055,initial,61,01,0.09290395913361033,-6.365486817212462
TAC055,initial,61,10,0.45581637463758634,-4.774963038062362
TAC055,initial,61,11,0.4032260177614735,-4.8975558364246465
TAC055,initial,81,00,0.04803683099955707,-7.025107592974935
TAC055,initial,81,01,0.09289463534141532,-6.365609724581501
TAC055,initial,81,10,0.4558315318348849,-4.774952328618628
TAC055,initial,81,11,0.4032370018241425,-4.89755113919618
TAC055,initial,121,00,0.04803850225085314,-7.025072456098497
TAC055,initial,121,01,0.09289348357226031,-6.365621776878143
TAC055,initial,121,10,0.45583120851695147,-4.7749526914695855
TAC055,initial,121,11,0.4032368056599354,-4.897551279228129
TAC055,initial,161,00,0.048038548907959576,-7.025071447571699
TAC055,initial,161,01,0.09289346769269655,-6.36562191053866
TAC055,initial,161,10,0.4558311927024723,-4.7749526888800204
TAC055,initial,161,11,0.40323679069687135,-4.897551279052233
TAC055,initial,241,00,0.04803854823036063,-7.025071462433057
TAC055,initial,241,01,0.0928934676999683,-6.36562191121642
TAC055,initial,241,10,0.45583119306615955,-4.774952688838205
TAC055,initial,241,11,0.4032367910035111,-4.897551279047827
TAC055,continuation,321,00,0.048038548225528784,-7.025071462538305
TAC055,continuation,321,01,0.09289346770076605,-6.365621911212498
TAC055,continuation,321,10,0.45583119306829967,-4.774952688838177
TAC055,continuation,321,11,0.4032367910054054,-4.8975512790477955
TAC055,continuation,361,00,0.0480385482255098,-7.025071462538721
TAC055,continuation,361,01,0.09289346770076662,-6.3656219112125125
TAC055,continuation,361,10,0.455831193068311,-4.774952688838172
TAC055,continuation,361,11,0.40323679100541215,-4.897551279047799
TAC055,continuation,481,00,0.04803854822550873,-7.025071462538726
TAC055,continuation,481,01,0.09289346770076629,-6.365621911212499
TAC055,continuation,481,10,0.4558311930683114,-4.774952688838154
TAC055,continuation,481,11,0.40323679100541326,-4.8975512790477795
TAC055,continuation,641,00,0.04803854822550822,-7.025071462538728
TAC055,continuation,641,01,0.09289346770076588,-6.365621911212495
TAC055,continuation,641,10,0.45583119306831343,-4.774952688838141
TAC055,continuation,641,11,0.40323679100541215,-4.897551279047773
TAC056,initial,21,00,0.22398617021946005,-2.724324511969578
TAC056,initial,21,01,0.27601382978054,-2.5154578494646254
TAC056,initial,21,10,0.22398617021946005,-2.724324511969578
TAC056,initial,21,11,0.27601382978054,-2.5154578494646254
TAC056,initial,41,00,0.22414170360815636,-2.7205247902590415
TAC056,initial,41,01,0.27585829639184356,-2.5129159324947716
TAC056,initial,41,10,0.22414170360815636,-2.7205247902590415
TAC056,initial,41,11,0.27585829639184356,-2.5129159324947716
TAC056,initial,61,00,0.22413235523679534,-2.7206320101067627
TAC056,initial,61,01,0.2758676447632046,-2.5129475563209023
TAC056,initial,61,10,0.22413235523679534,-2.7206320101067627
TAC056,initial,61,11,0.2758676447632046,-2.5129475563209023
TAC056,initial,81,00,0.2241307015525405,-2.7206445356340474
TAC056,initial,81,01,0.27586929844745944,-2.5129467091952233
TAC056,initial,81,10,0.2241307015525405,-2.7206445356340474
TAC056,initial,81,11,0.27586929844745944,-2.5129467091952233
TAC056,initial,121,00,0.22413067790803157,-2.7206447611305054
TAC056,initial,121,01,0.27586932209196857,-2.5129467434882913
TAC056,initial,121,10,0.22413067790803157,-2.7206447611305054
TAC056,initial,121,11,0.27586932209196857,-2.5129467434882913
TAC056,initial,161,00,0.224130678583537,-2.7206447557870423
TAC056,initial,161,01,0.275869321416463,-2.5129467436073623
TAC056,initial,161,10,0.224130678583537,-2.7206447557870423
TAC056,initial,161,11,0.275869321416463,-2.5129467436073623
TAC056,initial,241,00,0.22413067856925972,-2.7206447559025904
TAC056,initial,241,01,0.2758693214307402,-2.512946743607456
TAC056,initial,241,10,0.22413067856925972,-2.7206447559025904
TAC056,initial,241,11,0.2758693214307402,-2.512946743607456
